date,product,region,sales
2022-01-01,Widget A,North,1099
2022-01-01,Widget A,South,972
2022-01-01,Widget B,North,1129
2022-01-01,Widget B,South,1304
2022-01-02,Widget A,North,953
2022-01-02,Widget A,South,953
2022-01-02,Widget B,North,1315
2022-01-02,Widget B,South,1153
2022-01-03,Widget A,North,906
2022-01-03,Widget A,South,1108
2022-01-03,Widget B,North,907
2022-01-03,Widget B,South,906
2022-01-04,Widget A,North,1048
2022-01-04,Widget A,South,617
2022-01-04,Widget B,North,655
2022-01-04,Widget B,South,887
2022-01-05,Widget A,North,797
2022-01-05,Widget A,South,1062
2022-01-05,Widget B,North,818
2022-01-05,Widget B,South,717
2022-01-06,Widget A,North,1293
2022-01-06,Widget A,South,954
2022-01-06,Widget B,North,1013
2022-01-06,Widget B,South,715
2022-01-07,Widget A,North,891
2022-01-07,Widget A,South,1022
2022-01-07,Widget B,North,769
2022-01-07,Widget B,South,1075
2022-01-08,Widget A,North,879
2022-01-08,Widget A,South,941
2022-01-08,Widget B,North,879
2022-01-08,Widget B,South,1370
2022-01-09,Widget A,North,997
2022-01-09,Widget A,South,788
2022-01-09,Widget B,North,1164
2022-01-09,Widget B,South,755
2022-01-10,Widget A,North,1041
2022-01-10,Widget A,South,608
2022-01-10,Widget B,North,734
2022-01-10,Widget B,South,1039
2022-01-11,Widget A,North,1147
2022-01-11,Widget A,South,1034
2022-01-11,Widget B,North,976
2022-01-11,Widget B,South,939
2022-01-12,Widget A,North,704
2022-01-12,Widget A,South,856
2022-01-12,Widget B,North,907
2022-01-12,Widget B,South,1211
2022-01-13,Widget A,North,1068
2022-01-13,Widget A,South,647
2022-01-13,Widget B,North,1064
2022-01-13,Widget B,South,922
2022-01-14,Widget A,North,864
2022-01-14,Widget A,South,1122
2022-01-14,Widget B,North,1206
2022-01-14,Widget B,South,1186
2022-01-15,Widget A,North,832
2022-01-15,Widget A,South,938
2022-01-15,Widget B,North,1066
2022-01-15,Widget B,South,1195
2022-01-16,Widget A,North,904
2022-01-16,Widget A,South,962
2022-01-16,Widget B,North,778
2022-01-16,Widget B,South,760
2022-01-17,Widget A,North,1162
2022-01-17,Widget A,South,1271
2022-01-17,Widget B,North,985
2022-01-17,Widget B,South,1200
2022-01-18,Widget A,North,1072
2022-01-18,Widget A,South,870
2022-01-18,Widget B,North,1072
2022-01-18,Widget B,South,1307
2022-01-19,Widget A,North,992
2022-01-19,Widget A,South,1312
2022-01-19,Widget B,North,476
2022-01-19,Widget B,South,1164
2022-01-20,Widget A,North,1017
2022-01-20,Widget A,South,940
2022-01-20,Widget B,North,1018
2022-01-20,Widget B,South,602
2022-01-21,Widget A,North,956
2022-01-21,Widget A,South,1071
2022-01-21,Widget B,North,1295
2022-01-21,Widget B,South,896
2022-01-22,Widget A,North,838
2022-01-22,Widget A,South,899
2022-01-22,Widget B,North,1183
2022-01-22,Widget B,South,1065
2022-01-23,Widget A,North,894
2022-01-23,Widget A,South,1102
2022-01-23,Widget B,North,1019
2022-01-23,Widget B,South,1193
2022-01-24,Widget A,North,859
2022-01-24,Widget A,South,934
2022-01-24,Widget B,North,921
2022-01-24,Widget B,South,707
2022-01-25,Widget A,North,1059
2022-01-25,Widget A,South,1052
2022-01-25,Widget B,North,1001
2022-01-25,Widget B,South,953
2022-01-26,Widget A,North,716
2022-01-26,Widget A,South,915
2022-01-26,Widget B,North,931
2022-01-26,Widget B,South,839
2022-01-27,Widget A,North,967
2022-01-27,Widget A,South,1080
2022-01-27,Widget B,North,1377
2022-01-27,Widget B,South,1034
2022-01-28,Widget A,North,1051
2022-01-28,Widget A,South,985
2022-01-28,Widget B,North,616
2022-01-28,Widget B,South,994
2022-01-29,Widget A,North,1012
2022-01-29,Widget A,South,1492
2022-01-29,Widget B,North,961
2022-01-29,Widget B,South,1060
2022-01-30,Widget A,North,993
2022-01-30,Widget A,South,766
2022-01-30,Widget B,North,1228
2022-01-30,Widget B,South,1150
2022-01-31,Widget A,North,1158
2022-01-31,Widget A,South,818
2022-01-31,Widget B,North,1280
2022-01-31,Widget B,South,719
2022-02-01,Widget A,North,1117
2022-02-01,Widget A,South,1438
2022-02-01,Widget B,North,801
2022-02-01,Widget B,South,886
2022-02-02,Widget A,North,1019
2022-02-02,Widget A,South,899
2022-02-02,Widget B,North,689
2022-02-02,Widget B,South,1013
2022-02-03,Widget A,North,787
2022-02-03,Widget A,South,1094
2022-02-03,Widget B,North,816
2022-02-03,Widget B,South,1309
2022-02-04,Widget A,North,843
2022-02-04,Widget A,South,935
2022-02-04,Widget B,North,1162
2022-02-04,Widget B,South,753
2022-02-05,Widget A,North,1045
2022-02-05,Widget A,South,1261
2022-02-05,Widget B,North,678
2022-02-05,Widget B,South,1036
2022-02-06,Widget A,North,1051
2022-02-06,Widget A,South,1156
2022-02-06,Widget B,North,752
2022-02-06,Widget B,South,735
2022-02-07,Widget A,North,1104
2022-02-07,Widget A,South,1059
2022-02-07,Widget B,North,1050
2022-02-07,Widget B,South,1069
2022-02-08,Widget A,North,863
2022-02-08,Widget A,South,1046
2022-02-08,Widget B,North,1058
2022-02-08,Widget B,South,857
2022-02-09,Widget A,North,1373
2022-02-09,Widget A,South,1094
2022-02-09,Widget B,North,761
2022-02-09,Widget B,South,1131
2022-02-10,Widget A,North,805
2022-02-10,Widget A,South,1157
2022-02-10,Widget B,North,1231
2022-02-10,Widget B,South,835
2022-02-11,Widget A,North,1192
2022-02-11,Widget A,South,1082
2022-02-11,Widget B,North,1164
2022-02-11,Widget B,South,1379
2022-02-12,Widget A,North,950
2022-02-12,Widget A,South,849
2022-02-12,Widget B,North,822
2022-02-12,Widget B,South,836
2022-02-13,Widget A,North,984
2022-02-13,Widget A,South,1068
2022-02-13,Widget B,North,1055
2022-02-13,Widget B,South,1165
2022-02-14,Widget A,North,1002
2022-02-14,Widget A,South,1290
2022-02-14,Widget B,North,947
2022-02-14,Widget B,South,1544
2022-02-15,Widget A,North,1125
2022-02-15,Widget A,South,828
2022-02-15,Widget B,North,785
2022-02-15,Widget B,South,1096
2022-02-16,Widget A,North,955
2022-02-16,Widget A,South,1142
2022-02-16,Widget B,North,1094
2022-02-16,Widget B,South,985
2022-02-17,Widget A,North,830
2022-02-17,Widget A,South,697
2022-02-17,Widget B,North,910
2022-02-17,Widget B,South,1171
2022-02-18,Widget A,North,1042
2022-02-18,Widget A,South,750
2022-02-18,Widget B,North,1034
2022-02-18,Widget B,South,1077
2022-02-19,Widget A,North,823
2022-02-19,Widget A,South,1030
2022-02-19,Widget B,North,1011
2022-02-19,Widget B,South,771
2022-02-20,Widget A,North,1071
2022-02-20,Widget A,South,1112
2022-02-20,Widget B,North,1216
2022-02-20,Widget B,South,1210
2022-02-21,Widget A,North,724
2022-02-21,Widget A,South,812
2022-02-21,Widget B,North,1103
2022-02-21,Widget B,South,1102
2022-02-22,Widget A,North,1103
2022-02-22,Widget A,South,1770
2022-02-22,Widget B,North,1114
2022-02-22,Widget B,South,1227
2022-02-23,Widget A,North,1190
2022-02-23,Widget A,South,1130
2022-02-23,Widget B,North,936
2022-02-23,Widget B,South,1151
2022-02-24,Widget A,North,845
2022-02-24,Widget A,South,952
2022-02-24,Widget B,North,902
2022-02-24,Widget B,South,1016
2022-02-25,Widget A,North,1462
2022-02-25,Widget A,South,626
2022-02-25,Widget B,North,1137
2022-02-25,Widget B,South,677
2022-02-26,Widget A,North,905
2022-02-26,Widget A,South,1217
2022-02-26,Widget B,North,1012
2022-02-26,Widget B,South,784
2022-02-27,Widget A,North,856
2022-02-27,Widget A,South,1135
2022-02-27,Widget B,North,853
2022-02-27,Widget B,South,1043
2022-02-28,Widget A,North,1009
2022-02-28,Widget A,South,869
2022-02-28,Widget B,North,1428
2022-02-28,Widget B,South,1126
2022-03-01,Widget A,North,594
2022-03-01,Widget A,South,1037
2022-03-01,Widget B,North,867
2022-03-01,Widget B,South,1170
2022-03-02,Widget A,North,841
2022-03-02,Widget A,South,977
2022-03-02,Widget B,North,1100
2022-03-02,Widget B,South,1173
2022-03-03,Widget A,North,759
2022-03-03,Widget A,South,933
2022-03-03,Widget B,North,905
2022-03-03,Widget B,South,869
2022-03-04,Widget A,North,1353
2022-03-04,Widget A,South,1080
2022-03-04,Widget B,North,747
2022-03-04,Widget B,South,1183
2022-03-05,Widget A,North,1424
2022-03-05,Widget A,South,1206
2022-03-05,Widget B,North,696
2022-03-05,Widget B,South,903
2022-03-06,Widget A,North,1253
2022-03-06,Widget A,South,858
2022-03-06,Widget B,North,1088
2022-03-06,Widget B,South,1154
2022-03-07,Widget A,North,814
2022-03-07,Widget A,South,988
2022-03-07,Widget B,North,351
2022-03-07,Widget B,South,795
2022-03-08,Widget A,North,949
2022-03-08,Widget A,South,750
2022-03-08,Widget B,North,1326
2022-03-08,Widget B,South,713
2022-03-09,Widget A,North,911
2022-03-09,Widget A,South,1026
2022-03-09,Widget B,North,1288
2022-03-09,Widget B,South,712
2022-03-10,Widget A,North,1232
2022-03-10,Widget A,South,1002
2022-03-10,Widget B,North,803
2022-03-10,Widget B,South,1092
2022-03-11,Widget A,North,1039
2022-03-11,Widget A,South,879
2022-03-11,Widget B,North,1013
2022-03-11,Widget B,South,922
2022-03-12,Widget A,North,1022
2022-03-12,Widget A,South,1132
2022-03-12,Widget B,North,1317
2022-03-12,Widget B,South,752
2022-03-13,Widget A,North,1426
2022-03-13,Widget A,South,609
2022-03-13,Widget B,North,969
2022-03-13,Widget B,South,1117
2022-03-14,Widget A,North,1056
2022-03-14,Widget A,South,875
2022-03-14,Widget B,North,958
2022-03-14,Widget B,South,901
2022-03-15,Widget A,North,882
2022-03-15,Widget A,South,1169
2022-03-15,Widget B,North,1071
2022-03-15,Widget B,South,861
2022-03-16,Widget A,North,1179
2022-03-16,Widget A,South,1061
2022-03-16,Widget B,North,1162
2022-03-16,Widget B,South,1125
2022-03-17,Widget A,North,834
2022-03-17,Widget A,South,887
2022-03-17,Widget B,North,1149
2022-03-17,Widget B,South,1122
2022-03-18,Widget A,North,995
2022-03-18,Widget A,South,1023
2022-03-18,Widget B,North,1255
2022-03-18,Widget B,South,881
2022-03-19,Widget A,North,1109
2022-03-19,Widget A,South,959
2022-03-19,Widget B,North,956
2022-03-19,Widget B,South,1219
2022-03-20,Widget A,North,1165
2022-03-20,Widget A,South,1162
2022-03-20,Widget B,North,1261
2022-03-20,Widget B,South,1004
2022-03-21,Widget A,North,1136
2022-03-21,Widget A,South,937
2022-03-21,Widget B,North,1064
2022-03-21,Widget B,South,973
2022-03-22,Widget A,North,1019
2022-03-22,Widget A,South,1119
2022-03-22,Widget B,North,836
2022-03-22,Widget B,South,1418
2022-03-23,Widget A,North,798
2022-03-23,Widget A,South,757
2022-03-23,Widget B,North,1231
2022-03-23,Widget B,South,1158
2022-03-24,Widget A,North,1124
2022-03-24,Widget A,South,1125
2022-03-24,Widget B,North,997
2022-03-24,Widget B,South,820
2022-03-25,Widget A,North,1015
2022-03-25,Widget A,South,864
2022-03-25,Widget B,North,1195
2022-03-25,Widget B,South,970
2022-03-26,Widget A,North,834
2022-03-26,Widget A,South,935
2022-03-26,Widget B,North,1082
2022-03-26,Widget B,South,887
2022-03-27,Widget A,North,835
2022-03-27,Widget A,South,1048
2022-03-27,Widget B,North,1048
2022-03-27,Widget B,South,898
2022-03-28,Widget A,North,905
2022-03-28,Widget A,South,1046
2022-03-28,Widget B,North,710
2022-03-28,Widget B,South,718
2022-03-29,Widget A,North,856
2022-03-29,Widget A,South,957
2022-03-29,Widget B,North,1062
2022-03-29,Widget B,South,1295
2022-03-30,Widget A,North,1171
2022-03-30,Widget A,South,968
2022-03-30,Widget B,North,996
2022-03-30,Widget B,South,799
2022-03-31,Widget A,North,996
2022-03-31,Widget A,South,942
2022-03-31,Widget B,North,1064
2022-03-31,Widget B,South,834
2022-04-01,Widget A,North,1103
2022-04-01,Widget A,South,1306
2022-04-01,Widget B,North,978
2022-04-01,Widget B,South,1080
2022-04-02,Widget A,North,1138
2022-04-02,Widget A,South,919
2022-04-02,Widget B,North,1044
2022-04-02,Widget B,South,1002
2022-04-03,Widget A,North,1019
2022-04-03,Widget A,South,845
2022-04-03,Widget B,North,1004
2022-04-03,Widget B,South,1099
2022-04-04,Widget A,North,1290
2022-04-04,Widget A,South,1191
2022-04-04,Widget B,North,1430
2022-04-04,Widget B,South,846
2022-04-05,Widget A,North,1174
2022-04-05,Widget A,South,1036
2022-04-05,Widget B,North,1437
2022-04-05,Widget B,South,838
2022-04-06,Widget A,North,832
2022-04-06,Widget A,South,880
2022-04-06,Widget B,North,575
2022-04-06,Widget B,South,894
2022-04-07,Widget A,North,848
2022-04-07,Widget A,South,1030
2022-04-07,Widget B,North,1068
2022-04-07,Widget B,South,1375
2022-04-08,Widget A,North,1190
2022-04-08,Widget A,South,884
2022-04-08,Widget B,North,820
2022-04-08,Widget B,South,1098
2022-04-09,Widget A,North,735
2022-04-09,Widget A,South,1366
2022-04-09,Widget B,North,1235
2022-04-09,Widget B,South,906
2022-04-10,Widget A,North,657
2022-04-10,Widget A,South,1270
2022-04-10,Widget B,North,977
2022-04-10,Widget B,South,1247
2022-04-11,Widget A,North,681
2022-04-11,Widget A,South,880
2022-04-11,Widget B,North,1001
2022-04-11,Widget B,South,1009
2022-04-12,Widget A,North,909
2022-04-12,Widget A,South,1124
2022-04-12,Widget B,North,786
2022-04-12,Widget B,South,971
2022-04-13,Widget A,North,1024
2022-04-13,Widget A,South,1102
2022-04-13,Widget B,North,1142
2022-04-13,Widget B,South,775
2022-04-14,Widget A,North,693
2022-04-14,Widget A,South,1255
2022-04-14,Widget B,North,1066
2022-04-14,Widget B,South,850
2022-04-15,Widget A,North,1310
2022-04-15,Widget A,South,1023
2022-04-15,Widget B,North,1235
2022-04-15,Widget B,South,1013
2022-04-16,Widget A,North,1412
2022-04-16,Widget A,South,1351
2022-04-16,Widget B,North,950
2022-04-16,Widget B,South,1194
2022-04-17,Widget A,North,1129
2022-04-17,Widget A,South,1273
2022-04-17,Widget B,North,807
2022-04-17,Widget B,South,1137
2022-04-18,Widget A,North,1211
2022-04-18,Widget A,South,648
2022-04-18,Widget B,North,763
2022-04-18,Widget B,South,592
2022-04-19,Widget A,North,946
2022-04-19,Widget A,South,1143
2022-04-19,Widget B,North,1300
2022-04-19,Widget B,South,1014
2022-04-20,Widget A,North,1325
2022-04-20,Widget A,South,723
2022-04-20,Widget B,North,659
2022-04-20,Widget B,South,988
2022-04-21,Widget A,North,1076
2022-04-21,Widget A,South,993
2022-04-21,Widget B,North,586
2022-04-21,Widget B,South,982
2022-04-22,Widget A,North,739
2022-04-22,Widget A,South,1133
2022-04-22,Widget B,North,1073
2022-04-22,Widget B,South,812
2022-04-23,Widget A,North,897
2022-04-23,Widget A,South,788
2022-04-23,Widget B,North,987
2022-04-23,Widget B,South,1191
2022-04-24,Widget A,North,802
2022-04-24,Widget A,South,1100
2022-04-24,Widget B,North,893
2022-04-24,Widget B,South,841
2022-04-25,Widget A,North,978
2022-04-25,Widget A,South,792
2022-04-25,Widget B,North,889
2022-04-25,Widget B,South,760
2022-04-26,Widget A,North,1392
2022-04-26,Widget A,South,1007
2022-04-26,Widget B,North,860
2022-04-26,Widget B,South,1042
2022-04-27,Widget A,North,977
2022-04-27,Widget A,South,955
2022-04-27,Widget B,North,1122
2022-04-27,Widget B,South,1151
2022-04-28,Widget A,North,893
2022-04-28,Widget A,South,884
2022-04-28,Widget B,North,944
2022-04-28,Widget B,South,539
2022-04-29,Widget A,North,696
2022-04-29,Widget A,South,1273
2022-04-29,Widget B,North,1328
2022-04-29,Widget B,South,950
2022-04-30,Widget A,North,1115
2022-04-30,Widget A,South,1062
2022-04-30,Widget B,North,1615
2022-04-30,Widget B,South,1223
2022-05-01,Widget A,North,974
2022-05-01,Widget A,South,808
2022-05-01,Widget B,North,678
2022-05-01,Widget B,South,1040
2022-05-02,Widget A,North,848
2022-05-02,Widget A,South,715
2022-05-02,Widget B,North,870
2022-05-02,Widget B,South,783
2022-05-03,Widget A,North,1337
2022-05-03,Widget A,South,1176
2022-05-03,Widget B,North,998
2022-05-03,Widget B,South,1295
2022-05-04,Widget A,North,1015
2022-05-04,Widget A,South,827
2022-05-04,Widget B,North,1304
2022-05-04,Widget B,South,1107
2022-05-05,Widget A,North,792
2022-05-05,Widget A,South,961
2022-05-05,Widget B,North,824
2022-05-05,Widget B,South,723
2022-05-06,Widget A,North,1185
2022-05-06,Widget A,South,1381
2022-05-06,Widget B,North,720
2022-05-06,Widget B,South,1112
2022-05-07,Widget A,North,869
2022-05-07,Widget A,South,902
2022-05-07,Widget B,North,881
2022-05-07,Widget B,South,827
2022-05-08,Widget A,North,1009
2022-05-08,Widget A,South,833
2022-05-08,Widget B,North,1054
2022-05-08,Widget B,South,989
2022-05-09,Widget A,North,952
2022-05-09,Widget A,South,818
2022-05-09,Widget B,North,884
2022-05-09,Widget B,South,1151
2022-05-10,Widget A,North,1100
2022-05-10,Widget A,South,804
2022-05-10,Widget B,North,1019
2022-05-10,Widget B,South,1150
2022-05-11,Widget A,North,666
2022-05-11,Widget A,South,1108
2022-05-11,Widget B,North,867
2022-05-11,Widget B,South,1114
2022-05-12,Widget A,North,847
2022-05-12,Widget A,South,639
2022-05-12,Widget B,North,674
2022-05-12,Widget B,South,1009
2022-05-13,Widget A,North,1051
2022-05-13,Widget A,South,819
2022-05-13,Widget B,North,1127
2022-05-13,Widget B,South,667
2022-05-14,Widget A,North,986
2022-05-14,Widget A,South,757
2022-05-14,Widget B,North,869
2022-05-14,Widget B,South,1009
2022-05-15,Widget A,North,827
2022-05-15,Widget A,South,923
2022-05-15,Widget B,North,1201
2022-05-15,Widget B,South,884
2022-05-16,Widget A,North,1167
2022-05-16,Widget A,South,774
2022-05-16,Widget B,North,1105
2022-05-16,Widget B,South,1288
2022-05-17,Widget A,North,505
2022-05-17,Widget A,South,840
2022-05-17,Widget B,North,1115
2022-05-17,Widget B,South,959
2022-05-18,Widget A,North,1074
2022-05-18,Widget A,South,879
2022-05-18,Widget B,North,1017
2022-05-18,Widget B,South,968
2022-05-19,Widget A,North,1233
2022-05-19,Widget A,South,1050
2022-05-19,Widget B,North,1067
2022-05-19,Widget B,South,917
2022-05-20,Widget A,North,902
2022-05-20,Widget A,South,913
2022-05-20,Widget B,North,1078
2022-05-20,Widget B,South,915
2022-05-21,Widget A,North,1057
2022-05-21,Widget A,South,1415
2022-05-21,Widget B,North,1174
2022-05-21,Widget B,South,934
2022-05-22,Widget A,North,1240
2022-05-22,Widget A,South,918
2022-05-22,Widget B,North,592
2022-05-22,Widget B,South,798
2022-05-23,Widget A,North,625
2022-05-23,Widget A,South,929
2022-05-23,Widget B,North,1003
2022-05-23,Widget B,South,1335
2022-05-24,Widget A,North,1065
2022-05-24,Widget A,South,956
2022-05-24,Widget B,North,1165
2022-05-24,Widget B,South,557
2022-05-25,Widget A,North,1047
2022-05-25,Widget A,South,1154
2022-05-25,Widget B,North,704
2022-05-25,Widget B,South,1228
2022-05-26,Widget A,North,1067
2022-05-26,Widget A,South,916
2022-05-26,Widget B,North,1126
2022-05-26,Widget B,South,1454
2022-05-27,Widget A,North,1036
2022-05-27,Widget A,South,1049
2022-05-27,Widget B,North,908
2022-05-27,Widget B,South,830
2022-05-28,Widget A,North,1166
2022-05-28,Widget A,South,828
2022-05-28,Widget B,North,1014
2022-05-28,Widget B,South,904
2022-05-29,Widget A,North,1095
2022-05-29,Widget A,South,1066
2022-05-29,Widget B,North,1207
2022-05-29,Widget B,South,897
2022-05-30,Widget A,North,946
2022-05-30,Widget A,South,804
2022-05-30,Widget B,North,911
2022-05-30,Widget B,South,1075
2022-05-31,Widget A,North,1151
2022-05-31,Widget A,South,815
2022-05-31,Widget B,North,1173
2022-05-31,Widget B,South,1271
2022-06-01,Widget A,North,1082
2022-06-01,Widget A,South,1375
2022-06-01,Widget B,North,845
2022-06-01,Widget B,South,751
2022-06-02,Widget A,North,644
2022-06-02,Widget A,South,1299
2022-06-02,Widget B,North,1130
2022-06-02,Widget B,South,988
2022-06-03,Widget A,North,1055
2022-06-03,Widget A,South,774
2022-06-03,Widget B,North,1489
2022-06-03,Widget B,South,1025
2022-06-04,Widget A,North,1021
2022-06-04,Widget A,South,1145
2022-06-04,Widget B,North,1096
2022-06-04,Widget B,South,1044
2022-06-05,Widget A,North,841
2022-06-05,Widget A,South,1094
2022-06-05,Widget B,North,1376
2022-06-05,Widget B,South,1269
2022-06-06,Widget A,North,1318
2022-06-06,Widget A,South,897
2022-06-06,Widget B,North,802
2022-06-06,Widget B,South,974
2022-06-07,Widget A,North,1011
2022-06-07,Widget A,South,1218
2022-06-07,Widget B,North,661
2022-06-07,Widget B,South,1305
2022-06-08,Widget A,North,968
2022-06-08,Widget A,South,914
2022-06-08,Widget B,North,797
2022-06-08,Widget B,South,669
2022-06-09,Widget A,North,1164
2022-06-09,Widget A,South,1014
2022-06-09,Widget B,North,742
2022-06-09,Widget B,South,740
2022-06-10,Widget A,North,932
2022-06-10,Widget A,South,1333
2022-06-10,Widget B,North,948
2022-06-10,Widget B,South,699
2022-06-11,Widget A,North,950
2022-06-11,Widget A,South,945
2022-06-11,Widget B,North,460
2022-06-11,Widget B,South,989
2022-06-12,Widget A,North,953
2022-06-12,Widget A,South,1139
2022-06-12,Widget B,North,1369
2022-06-12,Widget B,South,1225
2022-06-13,Widget A,North,946
2022-06-13,Widget A,South,778
2022-06-13,Widget B,North,1514
2022-06-13,Widget B,South,1011
2022-06-14,Widget A,North,1002
2022-06-14,Widget A,South,995
2022-06-14,Widget B,North,1039
2022-06-14,Widget B,South,971
2022-06-15,Widget A,North,885
2022-06-15,Widget A,South,890
2022-06-15,Widget B,North,993
2022-06-15,Widget B,South,891
2022-06-16,Widget A,North,857
2022-06-16,Widget A,South,1021
2022-06-16,Widget B,North,949
2022-06-16,Widget B,South,1300
2022-06-17,Widget A,North,469
2022-06-17,Widget A,South,1218
2022-06-17,Widget B,North,1249
2022-06-17,Widget B,South,585
2022-06-18,Widget A,North,931
2022-06-18,Widget A,South,925
2022-06-18,Widget B,North,718
2022-06-18,Widget B,South,844
2022-06-19,Widget A,North,777
2022-06-19,Widget A,South,1350
2022-06-19,Widget B,North,1187
2022-06-19,Widget B,South,1254
2022-06-20,Widget A,North,1144
2022-06-20,Widget A,South,774
2022-06-20,Widget B,North,895
2022-06-20,Widget B,South,1097
2022-06-21,Widget A,North,755
2022-06-21,Widget A,South,1142
2022-06-21,Widget B,North,951
2022-06-21,Widget B,South,925
2022-06-22,Widget A,North,1142
2022-06-22,Widget A,South,1088
2022-06-22,Widget B,North,927
2022-06-22,Widget B,South,1231
2022-06-23,Widget A,North,783
2022-06-23,Widget A,South,1123
2022-06-23,Widget B,North,1118
2022-06-23,Widget B,South,938
2022-06-24,Widget A,North,1065
2022-06-24,Widget A,South,749
2022-06-24,Widget B,North,1184
2022-06-24,Widget B,South,963
2022-06-25,Widget A,North,895
2022-06-25,Widget A,South,1209
2022-06-25,Widget B,North,859
2022-06-25,Widget B,South,718
2022-06-26,Widget A,North,688
2022-06-26,Widget A,South,1121
2022-06-26,Widget B,North,743
2022-06-26,Widget B,South,1350
2022-06-27,Widget A,North,583
2022-06-27,Widget A,South,1339
2022-06-27,Widget B,North,1042
2022-06-27,Widget B,South,980
2022-06-28,Widget A,North,891
2022-06-28,Widget A,South,1079
2022-06-28,Widget B,North,992
2022-06-28,Widget B,South,1220
2022-06-29,Widget A,North,1022
2022-06-29,Widget A,South,1030
2022-06-29,Widget B,North,927
2022-06-29,Widget B,South,988
2022-06-30,Widget A,North,1061
2022-06-30,Widget A,South,657
2022-06-30,Widget B,North,730
2022-06-30,Widget B,South,1148
2022-07-01,Widget A,North,1034
2022-07-01,Widget A,South,963
2022-07-01,Widget B,North,1003
2022-07-01,Widget B,South,1069
2022-07-02,Widget A,North,892
2022-07-02,Widget A,South,844
2022-07-02,Widget B,North,1039
2022-07-02,Widget B,South,804
2022-07-03,Widget A,North,1081
2022-07-03,Widget A,South,659
2022-07-03,Widget B,North,1205
2022-07-03,Widget B,South,1094
2022-07-04,Widget A,North,1051
2022-07-04,Widget A,South,1196
2022-07-04,Widget B,North,1333
2022-07-04,Widget B,South,1202
2022-07-05,Widget A,North,631
2022-07-05,Widget A,South,744
2022-07-05,Widget B,North,875
2022-07-05,Widget B,South,1005
2022-07-06,Widget A,North,1103
2022-07-06,Widget A,South,854
2022-07-06,Widget B,North,1037
2022-07-06,Widget B,South,848
2022-07-07,Widget A,North,877
2022-07-07,Widget A,South,718
2022-07-07,Widget B,North,815
2022-07-07,Widget B,South,729
2022-07-08,Widget A,North,804
2022-07-08,Widget A,South,1210
2022-07-08,Widget B,North,810
2022-07-08,Widget B,South,1526
2022-07-09,Widget A,North,1098
2022-07-09,Widget A,South,1036
2022-07-09,Widget B,North,828
2022-07-09,Widget B,South,1140
2022-07-10,Widget A,North,884
2022-07-10,Widget A,South,1024
2022-07-10,Widget B,North,1512
2022-07-10,Widget B,South,980
2022-07-11,Widget A,North,1229
2022-07-11,Widget A,South,859
2022-07-11,Widget B,North,993
2022-07-11,Widget B,South,1354
2022-07-12,Widget A,North,874
2022-07-12,Widget A,South,1362
2022-07-12,Widget B,North,1141
2022-07-12,Widget B,South,887
2022-07-13,Widget A,North,1126
2022-07-13,Widget A,South,1194
2022-07-13,Widget B,North,1124
2022-07-13,Widget B,South,685
2022-07-14,Widget A,North,854
2022-07-14,Widget A,South,950
2022-07-14,Widget B,North,985
2022-07-14,Widget B,South,1124
2022-07-15,Widget A,North,1035
2022-07-15,Widget A,South,732
2022-07-15,Widget B,North,1076
2022-07-15,Widget B,South,1122
2022-07-16,Widget A,North,1111
2022-07-16,Widget A,South,1216
2022-07-16,Widget B,North,1166
2022-07-16,Widget B,South,1091
2022-07-17,Widget A,North,985
2022-07-17,Widget A,South,667
2022-07-17,Widget B,North,1085
2022-07-17,Widget B,South,1041
2022-07-18,Widget A,North,1054
2022-07-18,Widget A,South,744
2022-07-18,Widget B,North,783
2022-07-18,Widget B,South,1210
2022-07-19,Widget A,North,992
2022-07-19,Widget A,South,1136
2022-07-19,Widget B,North,1005
2022-07-19,Widget B,South,1005
2022-07-20,Widget A,North,1187
2022-07-20,Widget A,South,896
2022-07-20,Widget B,North,1019
2022-07-20,Widget B,South,907
2022-07-21,Widget A,North,913
2022-07-21,Widget A,South,938
2022-07-21,Widget B,North,1044
2022-07-21,Widget B,South,904
2022-07-22,Widget A,North,1251
2022-07-22,Widget A,South,821
2022-07-22,Widget B,North,962
2022-07-22,Widget B,South,912
2022-07-23,Widget A,North,1289
2022-07-23,Widget A,South,1039
2022-07-23,Widget B,North,1206
2022-07-23,Widget B,South,702
2022-07-24,Widget A,North,1053
2022-07-24,Widget A,South,1177
2022-07-24,Widget B,North,1016
2022-07-24,Widget B,South,1213
2022-07-25,Widget A,North,896
2022-07-25,Widget A,South,1281
2022-07-25,Widget B,North,1459
2022-07-25,Widget B,South,927
2022-07-26,Widget A,North,910
2022-07-26,Widget A,South,1290
2022-07-26,Widget B,North,1315
2022-07-26,Widget B,South,895
2022-07-27,Widget A,North,915
2022-07-27,Widget A,South,943
2022-07-27,Widget B,North,731
2022-07-27,Widget B,South,816
2022-07-28,Widget A,North,799
2022-07-28,Widget A,South,846
2022-07-28,Widget B,North,993
2022-07-28,Widget B,South,1046
2022-07-29,Widget A,North,1310
2022-07-29,Widget A,South,800
2022-07-29,Widget B,North,1196
2022-07-29,Widget B,South,957
2022-07-30,Widget A,North,990
2022-07-30,Widget A,South,1134
2022-07-30,Widget B,North,775
2022-07-30,Widget B,South,1076
2022-07-31,Widget A,North,1033
2022-07-31,Widget A,South,1098
2022-07-31,Widget B,North,1057
2022-07-31,Widget B,South,1491
2022-08-01,Widget A,North,872
2022-08-01,Widget A,South,893
2022-08-01,Widget B,North,875
2022-08-01,Widget B,South,888
2022-08-02,Widget A,North,872
2022-08-02,Widget A,South,1237
2022-08-02,Widget B,North,1284
2022-08-02,Widget B,South,885
2022-08-03,Widget A,North,833
2022-08-03,Widget A,South,1094
2022-08-03,Widget B,North,889
2022-08-03,Widget B,South,1126
2022-08-04,Widget A,North,1040
2022-08-04,Widget A,South,696
2022-08-04,Widget B,North,1309
2022-08-04,Widget B,South,1359
2022-08-05,Widget A,North,877
2022-08-05,Widget A,South,922
2022-08-05,Widget B,North,1057
2022-08-05,Widget B,South,1066
2022-08-06,Widget A,North,1131
2022-08-06,Widget A,South,1402
2022-08-06,Widget B,North,964
2022-08-06,Widget B,South,840
2022-08-07,Widget A,North,724
2022-08-07,Widget A,South,853
2022-08-07,Widget B,North,993
2022-08-07,Widget B,South,1358
2022-08-08,Widget A,North,896
2022-08-08,Widget A,South,1044
2022-08-08,Widget B,North,996
2022-08-08,Widget B,South,1237
2022-08-09,Widget A,North,1505
2022-08-09,Widget A,South,893
2022-08-09,Widget B,North,902
2022-08-09,Widget B,South,1208
2022-08-10,Widget A,North,1136
2022-08-10,Widget A,South,1369
2022-08-10,Widget B,North,1116
2022-08-10,Widget B,South,928
2022-08-11,Widget A,North,1118
2022-08-11,Widget A,South,1221
2022-08-11,Widget B,North,1164
2022-08-11,Widget B,South,1101
2022-08-12,Widget A,North,1213
2022-08-12,Widget A,South,1233
2022-08-12,Widget B,North,1276
2022-08-12,Widget B,South,1129
2022-08-13,Widget A,North,966
2022-08-13,Widget A,South,1029
2022-08-13,Widget B,North,1241
2022-08-13,Widget B,South,836
2022-08-14,Widget A,North,1073
2022-08-14,Widget A,South,921
2022-08-14,Widget B,North,1005
2022-08-14,Widget B,South,1255
2022-08-15,Widget A,North,1038
2022-08-15,Widget A,South,1009
2022-08-15,Widget B,North,728
2022-08-15,Widget B,South,1149
2022-08-16,Widget A,North,1129
2022-08-16,Widget A,South,1432
2022-08-16,Widget B,North,938
2022-08-16,Widget B,South,1043
2022-08-17,Widget A,North,1049
2022-08-17,Widget A,South,1315
2022-08-17,Widget B,North,980
2022-08-17,Widget B,South,1055
2022-08-18,Widget A,North,1121
2022-08-18,Widget A,South,1037
2022-08-18,Widget B,North,910
2022-08-18,Widget B,South,1038
2022-08-19,Widget A,North,1214
2022-08-19,Widget A,South,794
2022-08-19,Widget B,North,1026
2022-08-19,Widget B,South,859
2022-08-20,Widget A,North,1239
2022-08-20,Widget A,South,695
2022-08-20,Widget B,North,888
2022-08-20,Widget B,South,1075
2022-08-21,Widget A,North,1313
2022-08-21,Widget A,South,986
2022-08-21,Widget B,North,888
2022-08-21,Widget B,South,1376
2022-08-22,Widget A,North,710
2022-08-22,Widget A,South,560
2022-08-22,Widget B,North,1088
2022-08-22,Widget B,South,899
2022-08-23,Widget A,North,795
2022-08-23,Widget A,South,1141
2022-08-23,Widget B,North,1048
2022-08-23,Widget B,South,887
2022-08-24,Widget A,North,743
2022-08-24,Widget A,South,1174
2022-08-24,Widget B,North,1130
2022-08-24,Widget B,South,980
2022-08-25,Widget A,North,1369
2022-08-25,Widget A,South,785
2022-08-25,Widget B,North,694
2022-08-25,Widget B,South,861
2022-08-26,Widget A,North,990
2022-08-26,Widget A,South,1048
2022-08-26,Widget B,North,951
2022-08-26,Widget B,South,1070
2022-08-27,Widget A,North,749
2022-08-27,Widget A,South,1288
2022-08-27,Widget B,North,983
2022-08-27,Widget B,South,1223
2022-08-28,Widget A,North,1068
2022-08-28,Widget A,South,1091
2022-08-28,Widget B,North,1113
2022-08-28,Widget B,South,1089
2022-08-29,Widget A,North,1128
2022-08-29,Widget A,South,1265
2022-08-29,Widget B,North,1039
2022-08-29,Widget B,South,1141
2022-08-30,Widget A,North,982
2022-08-30,Widget A,South,1288
2022-08-30,Widget B,North,864
2022-08-30,Widget B,South,1360
2022-08-31,Widget A,North,991
2022-08-31,Widget A,South,713
2022-08-31,Widget B,North,1025
2022-08-31,Widget B,South,863
2022-09-01,Widget A,North,1168
2022-09-01,Widget A,South,869
2022-09-01,Widget B,North,910
2022-09-01,Widget B,South,622
2022-09-02,Widget A,North,909
2022-09-02,Widget A,South,515
2022-09-02,Widget B,North,683
2022-09-02,Widget B,South,1152
2022-09-03,Widget A,North,1157
2022-09-03,Widget A,South,1085
2022-09-03,Widget B,North,806
2022-09-03,Widget B,South,990
2022-09-04,Widget A,North,999
2022-09-04,Widget A,South,768
2022-09-04,Widget B,North,1300
2022-09-04,Widget B,South,1175
2022-09-05,Widget A,North,955
2022-09-05,Widget A,South,1005
2022-09-05,Widget B,North,1041
2022-09-05,Widget B,South,591
2022-09-06,Widget A,North,950
2022-09-06,Widget A,South,863
2022-09-06,Widget B,North,799
2022-09-06,Widget B,South,943
2022-09-07,Widget A,North,1359
2022-09-07,Widget A,South,1128
2022-09-07,Widget B,North,885
2022-09-07,Widget B,South,1114
2022-09-08,Widget A,North,1279
2022-09-08,Widget A,South,1184
2022-09-08,Widget B,North,1011
2022-09-08,Widget B,South,870
2022-09-09,Widget A,North,1139
2022-09-09,Widget A,South,1078
2022-09-09,Widget B,North,1179
2022-09-09,Widget B,South,1127
2022-09-10,Widget A,North,1209
2022-09-10,Widget A,South,892
2022-09-10,Widget B,North,1263
2022-09-10,Widget B,South,1039
2022-09-11,Widget A,North,1415
2022-09-11,Widget A,South,862
2022-09-11,Widget B,North,1347
2022-09-11,Widget B,South,1039
2022-09-12,Widget A,North,869
2022-09-12,Widget A,South,903
2022-09-12,Widget B,North,935
2022-09-12,Widget B,South,1084
2022-09-13,Widget A,North,1104
2022-09-13,Widget A,South,885
2022-09-13,Widget B,North,995
2022-09-13,Widget B,South,1428
2022-09-14,Widget A,North,1345
2022-09-14,Widget A,South,1087
2022-09-14,Widget B,North,1007
2022-09-14,Widget B,South,1024
2022-09-15,Widget A,North,1122
2022-09-15,Widget A,South,795
2022-09-15,Widget B,North,948
2022-09-15,Widget B,South,666
2022-09-16,Widget A,North,1079
2022-09-16,Widget A,South,1129
2022-09-16,Widget B,North,903
2022-09-16,Widget B,South,1314
2022-09-17,Widget A,North,754
2022-09-17,Widget A,South,707
2022-09-17,Widget B,North,1044
2022-09-17,Widget B,South,1209
2022-09-18,Widget A,North,1336
2022-09-18,Widget A,South,908
2022-09-18,Widget B,North,1215
2022-09-18,Widget B,South,992
2022-09-19,Widget A,North,965
2022-09-19,Widget A,South,1176
2022-09-19,Widget B,North,1130
2022-09-19,Widget B,South,684
2022-09-20,Widget A,North,1295
2022-09-20,Widget A,South,1276
2022-09-20,Widget B,North,874
2022-09-20,Widget B,South,1079
2022-09-21,Widget A,North,1098
2022-09-21,Widget A,South,1052
2022-09-21,Widget B,North,889
2022-09-21,Widget B,South,865
2022-09-22,Widget A,North,994
2022-09-22,Widget A,South,1234
2022-09-22,Widget B,North,1108
2022-09-22,Widget B,South,925
2022-09-23,Widget A,North,1154
2022-09-23,Widget A,South,430
2022-09-23,Widget B,North,1229
2022-09-23,Widget B,South,652
2022-09-24,Widget A,North,927
2022-09-24,Widget A,South,776
2022-09-24,Widget B,North,741
2022-09-24,Widget B,South,1232
2022-09-25,Widget A,North,906
2022-09-25,Widget A,South,1069
2022-09-25,Widget B,North,990
2022-09-25,Widget B,South,1095
2022-09-26,Widget A,North,1015
2022-09-26,Widget A,South,743
2022-09-26,Widget B,North,1199
2022-09-26,Widget B,South,901
2022-09-27,Widget A,North,688
2022-09-27,Widget A,South,914
2022-09-27,Widget B,North,1300
2022-09-27,Widget B,South,1170
2022-09-28,Widget A,North,930
2022-09-28,Widget A,South,930
2022-09-28,Widget B,North,935
2022-09-28,Widget B,South,1415
2022-09-29,Widget A,North,1076
2022-09-29,Widget A,South,1086
2022-09-29,Widget B,North,1206
2022-09-29,Widget B,South,1047
2022-09-30,Widget A,North,948
2022-09-30,Widget A,South,960
2022-09-30,Widget B,North,985
2022-09-30,Widget B,South,992
2022-10-01,Widget A,North,1145
2022-10-01,Widget A,South,1010
2022-10-01,Widget B,North,1146
2022-10-01,Widget B,South,983
2022-10-02,Widget A,North,1015
2022-10-02,Widget A,South,600
2022-10-02,Widget B,North,1183
2022-10-02,Widget B,South,1069
2022-10-03,Widget A,North,1199
2022-10-03,Widget A,South,420
2022-10-03,Widget B,North,1417
2022-10-03,Widget B,South,972
2022-10-04,Widget A,North,1221
2022-10-04,Widget A,South,792
2022-10-04,Widget B,North,1122
2022-10-04,Widget B,South,789
2022-10-05,Widget A,North,875
2022-10-05,Widget A,South,1382
2022-10-05,Widget B,North,961
2022-10-05,Widget B,South,1043
2022-10-06,Widget A,North,1174
2022-10-06,Widget A,South,1099
2022-10-06,Widget B,North,1030
2022-10-06,Widget B,South,1072
2022-10-07,Widget A,North,1480
2022-10-07,Widget A,South,988
2022-10-07,Widget B,North,1040
2022-10-07,Widget B,South,1210
2022-10-08,Widget A,North,1221
2022-10-08,Widget A,South,1237
2022-10-08,Widget B,North,1127
2022-10-08,Widget B,South,771
2022-10-09,Widget A,North,1326
2022-10-09,Widget A,South,770
2022-10-09,Widget B,North,1060
2022-10-09,Widget B,South,849
2022-10-10,Widget A,North,987
2022-10-10,Widget A,South,1065
2022-10-10,Widget B,North,1064
2022-10-10,Widget B,South,1084
2022-10-11,Widget A,North,1322
2022-10-11,Widget A,South,1090
2022-10-11,Widget B,North,951
2022-10-11,Widget B,South,1192
2022-10-12,Widget A,North,1237
2022-10-12,Widget A,South,754
2022-10-12,Widget B,North,1119
2022-10-12,Widget B,South,1140
2022-10-13,Widget A,North,940
2022-10-13,Widget A,South,1275
2022-10-13,Widget B,North,969
2022-10-13,Widget B,South,1025
2022-10-14,Widget A,North,965
2022-10-14,Widget A,South,1003
2022-10-14,Widget B,North,780
2022-10-14,Widget B,South,711
2022-10-15,Widget A,North,1318
2022-10-15,Widget A,South,830
2022-10-15,Widget B,North,801
2022-10-15,Widget B,South,569
2022-10-16,Widget A,North,872
2022-10-16,Widget A,South,735
2022-10-16,Widget B,North,1328
2022-10-16,Widget B,South,1201
2022-10-17,Widget A,North,862
2022-10-17,Widget A,South,1450
2022-10-17,Widget B,North,1196
2022-10-17,Widget B,South,935
2022-10-18,Widget A,North,500
2022-10-18,Widget A,South,1458
2022-10-18,Widget B,North,722
2022-10-18,Widget B,South,670
2022-10-19,Widget A,North,1204
2022-10-19,Widget A,South,1487
2022-10-19,Widget B,North,1276
2022-10-19,Widget B,South,1112
2022-10-20,Widget A,North,1118
2022-10-20,Widget A,South,1170
2022-10-20,Widget B,North,1151
2022-10-20,Widget B,South,1056
2022-10-21,Widget A,North,1020
2022-10-21,Widget A,South,987
2022-10-21,Widget B,North,849
2022-10-21,Widget B,South,943
2022-10-22,Widget A,North,661
2022-10-22,Widget A,South,980
2022-10-22,Widget B,North,802
2022-10-22,Widget B,South,779
2022-10-23,Widget A,North,1035
2022-10-23,Widget A,South,1278
2022-10-23,Widget B,North,1183
2022-10-23,Widget B,South,685
2022-10-24,Widget A,North,802
2022-10-24,Widget A,South,1188
2022-10-24,Widget B,North,803
2022-10-24,Widget B,South,955
2022-10-25,Widget A,North,1110
2022-10-25,Widget A,South,806
2022-10-25,Widget B,North,1021
2022-10-25,Widget B,South,733
2022-10-26,Widget A,North,879
2022-10-26,Widget A,South,1063
2022-10-26,Widget B,North,681
2022-10-26,Widget B,South,1088
2022-10-27,Widget A,North,996
2022-10-27,Widget A,South,1110
2022-10-27,Widget B,North,1044
2022-10-27,Widget B,South,1272
2022-10-28,Widget A,North,1025
2022-10-28,Widget A,South,914
2022-10-28,Widget B,North,1024
2022-10-28,Widget B,South,1108
2022-10-29,Widget A,North,1009
2022-10-29,Widget A,South,1008
2022-10-29,Widget B,North,859
2022-10-29,Widget B,South,867
2022-10-30,Widget A,North,719
2022-10-30,Widget A,South,1349
2022-10-30,Widget B,North,751
2022-10-30,Widget B,South,861
2022-10-31,Widget A,North,856
2022-10-31,Widget A,South,1178
2022-10-31,Widget B,North,941
2022-10-31,Widget B,South,1249
2022-11-01,Widget A,North,865
2022-11-01,Widget A,South,1055
2022-11-01,Widget B,North,832
2022-11-01,Widget B,South,1429
2022-11-02,Widget A,North,762
2022-11-02,Widget A,South,1061
2022-11-02,Widget B,North,1126
2022-11-02,Widget B,South,1082
2022-11-03,Widget A,North,962
2022-11-03,Widget A,South,974
2022-11-03,Widget B,North,1008
2022-11-03,Widget B,South,970
2022-11-04,Widget A,North,1192
2022-11-04,Widget A,South,1442
2022-11-04,Widget B,North,888
2022-11-04,Widget B,South,726
2022-11-05,Widget A,North,982
2022-11-05,Widget A,South,1515
2022-11-05,Widget B,North,839
2022-11-05,Widget B,South,1327
2022-11-06,Widget A,North,1335
2022-11-06,Widget A,South,889
2022-11-06,Widget B,North,1113
2022-11-06,Widget B,South,1325
2022-11-07,Widget A,North,924
2022-11-07,Widget A,South,959
2022-11-07,Widget B,North,883
2022-11-07,Widget B,South,797
2022-11-08,Widget A,North,870
2022-11-08,Widget A,South,755
2022-11-08,Widget B,North,1006
2022-11-08,Widget B,South,846
2022-11-09,Widget A,North,1046
2022-11-09,Widget A,South,688
2022-11-09,Widget B,North,1066
2022-11-09,Widget B,South,1166
2022-11-10,Widget A,North,601
2022-11-10,Widget A,South,1074
2022-11-10,Widget B,North,1245
2022-11-10,Widget B,South,758
2022-11-11,Widget A,North,1334
2022-11-11,Widget A,South,1083
2022-11-11,Widget B,North,858
2022-11-11,Widget B,South,988
2022-11-12,Widget A,North,1111
2022-11-12,Widget A,South,1015
2022-11-12,Widget B,North,1107
2022-11-12,Widget B,South,815
2022-11-13,Widget A,North,1033
2022-11-13,Widget A,South,717
2022-11-13,Widget B,North,977
2022-11-13,Widget B,South,819
2022-11-14,Widget A,North,852
2022-11-14,Widget A,South,1247
2022-11-14,Widget B,North,1218
2022-11-14,Widget B,South,1121
2022-11-15,Widget A,North,781
2022-11-15,Widget A,South,936
2022-11-15,Widget B,North,1242
2022-11-15,Widget B,South,1028
2022-11-16,Widget A,North,1463
2022-11-16,Widget A,South,1078
2022-11-16,Widget B,North,1038
2022-11-16,Widget B,South,938
2022-11-17,Widget A,North,1026
2022-11-17,Widget A,South,969
2022-11-17,Widget B,North,1141
2022-11-17,Widget B,South,1191
2022-11-18,Widget A,North,842
2022-11-18,Widget A,South,733
2022-11-18,Widget B,North,632
2022-11-18,Widget B,South,1101
2022-11-19,Widget A,North,779
2022-11-19,Widget A,South,569
2022-11-19,Widget B,North,1077
2022-11-19,Widget B,South,1498
2022-11-20,Widget A,North,998
2022-11-20,Widget A,South,1167
2022-11-20,Widget B,North,1016
2022-11-20,Widget B,South,980
2022-11-21,Widget A,North,1183
2022-11-21,Widget A,South,941
2022-11-21,Widget B,North,1053
2022-11-21,Widget B,South,1064
2022-11-22,Widget A,North,866
2022-11-22,Widget A,South,1198
2022-11-22,Widget B,North,965
2022-11-22,Widget B,South,848
2022-11-23,Widget A,North,1107
2022-11-23,Widget A,South,820
2022-11-23,Widget B,North,1005
2022-11-23,Widget B,South,998
2022-11-24,Widget A,North,1217
2022-11-24,Widget A,South,1094
2022-11-24,Widget B,North,994
2022-11-24,Widget B,South,1163
2022-11-25,Widget A,North,1278
2022-11-25,Widget A,South,1111
2022-11-25,Widget B,North,1002
2022-11-25,Widget B,South,737
2022-11-26,Widget A,North,786
2022-11-26,Widget A,South,938
2022-11-26,Widget B,North,878
2022-11-26,Widget B,South,962
2022-11-27,Widget A,North,1011
2022-11-27,Widget A,South,1105
2022-11-27,Widget B,North,985
2022-11-27,Widget B,South,1097
2022-11-28,Widget A,North,1012
2022-11-28,Widget A,South,604
2022-11-28,Widget B,North,812
2022-11-28,Widget B,South,971
2022-11-29,Widget A,North,758
2022-11-29,Widget A,South,1119
2022-11-29,Widget B,North,1306
2022-11-29,Widget B,South,1243
2022-11-30,Widget A,North,957
2022-11-30,Widget A,South,1298
2022-11-30,Widget B,North,1029
2022-11-30,Widget B,South,932
2022-12-01,Widget A,North,877
2022-12-01,Widget A,South,939
2022-12-01,Widget B,North,922
2022-12-01,Widget B,South,1034
2022-12-02,Widget A,North,1032
2022-12-02,Widget A,South,1000
2022-12-02,Widget B,North,1087
2022-12-02,Widget B,South,1238
2022-12-03,Widget A,North,1189
2022-12-03,Widget A,South,703
2022-12-03,Widget B,North,489
2022-12-03,Widget B,South,1186
2022-12-04,Widget A,North,726
2022-12-04,Widget A,South,955
2022-12-04,Widget B,North,765
2022-12-04,Widget B,South,639
2022-12-05,Widget A,North,1108
2022-12-05,Widget A,South,1151
2022-12-05,Widget B,North,884
2022-12-05,Widget B,South,481
2022-12-06,Widget A,North,890
2022-12-06,Widget A,South,1078
2022-12-06,Widget B,North,704
2022-12-06,Widget B,South,1036
2022-12-07,Widget A,North,996
2022-12-07,Widget A,South,1115
2022-12-07,Widget B,North,1023
2022-12-07,Widget B,South,805
2022-12-08,Widget A,North,1239
2022-12-08,Widget A,South,968
2022-12-08,Widget B,North,994
2022-12-08,Widget B,South,813
2022-12-09,Widget A,North,911
2022-12-09,Widget A,South,823
2022-12-09,Widget B,North,965
2022-12-09,Widget B,South,1342
2022-12-10,Widget A,North,725
2022-12-10,Widget A,South,677
2022-12-10,Widget B,North,1294
2022-12-10,Widget B,South,958
2022-12-11,Widget A,North,866
2022-12-11,Widget A,South,1207
2022-12-11,Widget B,North,878
2022-12-11,Widget B,South,1365
2022-12-12,Widget A,North,1135
2022-12-12,Widget A,South,902
2022-12-12,Widget B,North,1431
2022-12-12,Widget B,South,878
2022-12-13,Widget A,North,1148
2022-12-13,Widget A,South,1059
2022-12-13,Widget B,North,1260
2022-12-13,Widget B,South,1312
2022-12-14,Widget A,North,1006
2022-12-14,Widget A,South,849
2022-12-14,Widget B,North,1091
2022-12-14,Widget B,South,864
2022-12-15,Widget A,North,1402
2022-12-15,Widget A,South,1027
2022-12-15,Widget B,North,926
2022-12-15,Widget B,South,1036
2022-12-16,Widget A,North,730
2022-12-16,Widget A,South,805
2022-12-16,Widget B,North,1240
2022-12-16,Widget B,South,868
2022-12-17,Widget A,North,790
2022-12-17,Widget A,South,1107
2022-12-17,Widget B,North,1237
2022-12-17,Widget B,South,1143
2022-12-18,Widget A,North,1199
2022-12-18,Widget A,South,848
2022-12-18,Widget B,North,715
2022-12-18,Widget B,South,1300
2022-12-19,Widget A,North,935
2022-12-19,Widget A,South,949
2022-12-19,Widget B,North,1265
2022-12-19,Widget B,South,1111
2022-12-20,Widget A,North,1091
2022-12-20,Widget A,South,1433
2022-12-20,Widget B,North,871
2022-12-20,Widget B,South,1185
2022-12-21,Widget A,North,1011
2022-12-21,Widget A,South,1053
2022-12-21,Widget B,North,1305
2022-12-21,Widget B,South,1101
2022-12-22,Widget A,North,1107
2022-12-22,Widget A,South,1214
2022-12-22,Widget B,North,927
2022-12-22,Widget B,South,832
2022-12-23,Widget A,North,791
2022-12-23,Widget A,South,606
2022-12-23,Widget B,North,1411
2022-12-23,Widget B,South,779
2022-12-24,Widget A,North,955
2022-12-24,Widget A,South,944
2022-12-24,Widget B,North,1061
2022-12-24,Widget B,South,1163
2022-12-25,Widget A,North,1172
2022-12-25,Widget A,South,883
2022-12-25,Widget B,North,966
2022-12-25,Widget B,South,1056
2022-12-26,Widget A,North,950
2022-12-26,Widget A,South,1321
2022-12-26,Widget B,North,1098
2022-12-26,Widget B,South,1146
2022-12-27,Widget A,North,1132
2022-12-27,Widget A,South,1234
2022-12-27,Widget B,North,1036
2022-12-27,Widget B,South,740
2022-12-28,Widget A,North,1079
2022-12-28,Widget A,South,869
2022-12-28,Widget B,North,894
2022-12-28,Widget B,South,1117
2022-12-29,Widget A,North,1247
2022-12-29,Widget A,South,1004
2022-12-29,Widget B,North,1061
2022-12-29,Widget B,South,1340
2022-12-30,Widget A,North,1048
2022-12-30,Widget A,South,1520
2022-12-30,Widget B,North,1113
2022-12-30,Widget B,South,647
2022-12-31,Widget A,North,1150
2022-12-31,Widget A,South,1076
2022-12-31,Widget B,North,1257
2022-12-31,Widget B,South,1134
2023-01-01,Widget A,North,972
2023-01-01,Widget A,South,755
2023-01-01,Widget B,North,958
2023-01-01,Widget B,South,829
2023-01-02,Widget A,North,883
2023-01-02,Widget A,South,1117
2023-01-02,Widget B,North,1333
2023-01-02,Widget B,South,1078
2023-01-03,Widget A,North,760
2023-01-03,Widget A,South,1088
2023-01-03,Widget B,North,1239
2023-01-03,Widget B,South,878
2023-01-04,Widget A,North,973
2023-01-04,Widget A,South,1002
2023-01-04,Widget B,North,843
2023-01-04,Widget B,South,1129
2023-01-05,Widget A,North,975
2023-01-05,Widget A,South,1083
2023-01-05,Widget B,North,822
2023-01-05,Widget B,South,912
2023-01-06,Widget A,North,1144
2023-01-06,Widget A,South,925
2023-01-06,Widget B,North,1345
2023-01-06,Widget B,South,920
2023-01-07,Widget A,North,1044
2023-01-07,Widget A,South,1186
2023-01-07,Widget B,North,716
2023-01-07,Widget B,South,647
2023-01-08,Widget A,North,694
2023-01-08,Widget A,South,1252
2023-01-08,Widget B,North,889
2023-01-08,Widget B,South,1511
2023-01-09,Widget A,North,887
2023-01-09,Widget A,South,1036
2023-01-09,Widget B,North,1308
2023-01-09,Widget B,South,1401
2023-01-10,Widget A,North,1412
2023-01-10,Widget A,South,1241
2023-01-10,Widget B,North,1204
2023-01-10,Widget B,South,1118
2023-01-11,Widget A,North,1155
2023-01-11,Widget A,South,889
2023-01-11,Widget B,North,836
2023-01-11,Widget B,South,999
2023-01-12,Widget A,North,965
2023-01-12,Widget A,South,909
2023-01-12,Widget B,North,1139
2023-01-12,Widget B,South,1191
2023-01-13,Widget A,North,1017
2023-01-13,Widget A,South,1295
2023-01-13,Widget B,North,771
2023-01-13,Widget B,South,961
2023-01-14,Widget A,North,856
2023-01-14,Widget A,South,626
2023-01-14,Widget B,North,983
2023-01-14,Widget B,South,975
2023-01-15,Widget A,North,1302
2023-01-15,Widget A,South,1126
2023-01-15,Widget B,North,795
2023-01-15,Widget B,South,1370
2023-01-16,Widget A,North,1244
2023-01-16,Widget A,South,1116
2023-01-16,Widget B,North,954
2023-01-16,Widget B,South,808
2023-01-17,Widget A,North,925
2023-01-17,Widget A,South,1217
2023-01-17,Widget B,North,1376
2023-01-17,Widget B,South,1308
2023-01-18,Widget A,North,902
2023-01-18,Widget A,South,776
2023-01-18,Widget B,North,1028
2023-01-18,Widget B,South,646
2023-01-19,Widget A,North,1064
2023-01-19,Widget A,South,970
2023-01-19,Widget B,North,906
2023-01-19,Widget B,South,681
2023-01-20,Widget A,North,1102
2023-01-20,Widget A,South,893
2023-01-20,Widget B,North,766
2023-01-20,Widget B,South,425
2023-01-21,Widget A,North,994
2023-01-21,Widget A,South,1354
2023-01-21,Widget B,North,1332
2023-01-21,Widget B,South,908
2023-01-22,Widget A,North,879
2023-01-22,Widget A,South,1093
2023-01-22,Widget B,North,800
2023-01-22,Widget B,South,1060
2023-01-23,Widget A,North,1153
2023-01-23,Widget A,South,1245
2023-01-23,Widget B,North,979
2023-01-23,Widget B,South,959
2023-01-24,Widget A,North,824
2023-01-24,Widget A,South,834
2023-01-24,Widget B,North,954
2023-01-24,Widget B,South,1073
2023-01-25,Widget A,North,1182
2023-01-25,Widget A,South,839
2023-01-25,Widget B,North,1298
2023-01-25,Widget B,South,945
2023-01-26,Widget A,North,995
2023-01-26,Widget A,South,850
2023-01-26,Widget B,North,515
2023-01-26,Widget B,South,1176
2023-01-27,Widget A,North,1147
2023-01-27,Widget A,South,943
2023-01-27,Widget B,North,1013
2023-01-27,Widget B,South,1103
2023-01-28,Widget A,North,687
2023-01-28,Widget A,South,894
2023-01-28,Widget B,North,1158
2023-01-28,Widget B,South,749
2023-01-29,Widget A,North,1058
2023-01-29,Widget A,South,728
2023-01-29,Widget B,North,1093
2023-01-29,Widget B,South,992
2023-01-30,Widget A,North,676
2023-01-30,Widget A,South,1232
2023-01-30,Widget B,North,853
2023-01-30,Widget B,South,837
2023-01-31,Widget A,North,1040
2023-01-31,Widget A,South,1229
2023-01-31,Widget B,North,796
2023-01-31,Widget B,South,1012
2023-02-01,Widget A,North,1085
2023-02-01,Widget A,South,1138
2023-02-01,Widget B,North,1035
2023-02-01,Widget B,South,926
2023-02-02,Widget A,North,834
2023-02-02,Widget A,South,1017
2023-02-02,Widget B,North,785
2023-02-02,Widget B,South,415
2023-02-03,Widget A,North,1087
2023-02-03,Widget A,South,1180
2023-02-03,Widget B,North,527
2023-02-03,Widget B,South,798
2023-02-04,Widget A,North,1123
2023-02-04,Widget A,South,1411
2023-02-04,Widget B,North,1004
2023-02-04,Widget B,South,854
2023-02-05,Widget A,North,963
2023-02-05,Widget A,South,1274
2023-02-05,Widget B,North,870
2023-02-05,Widget B,South,840
2023-02-06,Widget A,North,903
2023-02-06,Widget A,South,809
2023-02-06,Widget B,North,1024
2023-02-06,Widget B,South,1324
2023-02-07,Widget A,North,1064
2023-02-07,Widget A,South,949
2023-02-07,Widget B,North,941
2023-02-07,Widget B,South,687
2023-02-08,Widget A,North,1176
2023-02-08,Widget A,South,984
2023-02-08,Widget B,North,963
2023-02-08,Widget B,South,1638
2023-02-09,Widget A,North,1059
2023-02-09,Widget A,South,849
2023-02-09,Widget B,North,914
2023-02-09,Widget B,South,1229
2023-02-10,Widget A,North,1022
2023-02-10,Widget A,South,712
2023-02-10,Widget B,North,1183
2023-02-10,Widget B,South,866
2023-02-11,Widget A,North,1374
2023-02-11,Widget A,South,1216
2023-02-11,Widget B,North,910
2023-02-11,Widget B,South,1256
2023-02-12,Widget A,North,1013
2023-02-12,Widget A,South,1170
2023-02-12,Widget B,North,1096
2023-02-12,Widget B,South,830
2023-02-13,Widget A,North,871
2023-02-13,Widget A,South,1205
2023-02-13,Widget B,North,933
2023-02-13,Widget B,South,919
2023-02-14,Widget A,North,808
2023-02-14,Widget A,South,1084
2023-02-14,Widget B,North,1412
2023-02-14,Widget B,South,786
2023-02-15,Widget A,North,1004
2023-02-15,Widget A,South,1282
2023-02-15,Widget B,North,984
2023-02-15,Widget B,South,1090
2023-02-16,Widget A,North,787
2023-02-16,Widget A,South,1085
2023-02-16,Widget B,North,962
2023-02-16,Widget B,South,1197
2023-02-17,Widget A,North,1237
2023-02-17,Widget A,South,1517
2023-02-17,Widget B,North,1115
2023-02-17,Widget B,South,1065
2023-02-18,Widget A,North,1038
2023-02-18,Widget A,South,929
2023-02-18,Widget B,North,1067
2023-02-18,Widget B,South,940
2023-02-19,Widget A,North,1033
2023-02-19,Widget A,South,1263
2023-02-19,Widget B,North,798
2023-02-19,Widget B,South,1227
2023-02-20,Widget A,North,1263
2023-02-20,Widget A,South,976
2023-02-20,Widget B,North,575
2023-02-20,Widget B,South,878
2023-02-21,Widget A,North,1259
2023-02-21,Widget A,South,995
2023-02-21,Widget B,North,800
2023-02-21,Widget B,South,899
2023-02-22,Widget A,North,1168
2023-02-22,Widget A,South,1109
2023-02-22,Widget B,North,952
2023-02-22,Widget B,South,926
2023-02-23,Widget A,North,921
2023-02-23,Widget A,South,815
2023-02-23,Widget B,North,1323
2023-02-23,Widget B,South,935
2023-02-24,Widget A,North,1243
2023-02-24,Widget A,South,1304
2023-02-24,Widget B,North,1199
2023-02-24,Widget B,South,913
2023-02-25,Widget A,North,1080
2023-02-25,Widget A,South,995
2023-02-25,Widget B,North,819
2023-02-25,Widget B,South,1064
2023-02-26,Widget A,North,764
2023-02-26,Widget A,South,1237
2023-02-26,Widget B,North,907
2023-02-26,Widget B,South,1040
2023-02-27,Widget A,North,1056
2023-02-27,Widget A,South,948
2023-02-27,Widget B,North,1117
2023-02-27,Widget B,South,905
2023-02-28,Widget A,North,1174
2023-02-28,Widget A,South,730
2023-02-28,Widget B,North,1025
2023-02-28,Widget B,South,1387
2023-03-01,Widget A,North,799
2023-03-01,Widget A,South,864
2023-03-01,Widget B,North,1102
2023-03-01,Widget B,South,1035
2023-03-02,Widget A,North,1070
2023-03-02,Widget A,South,1097
2023-03-02,Widget B,North,1126
2023-03-02,Widget B,South,1221
2023-03-03,Widget A,North,1081
2023-03-03,Widget A,South,951
2023-03-03,Widget B,North,1134
2023-03-03,Widget B,South,1379
2023-03-04,Widget A,North,973
2023-03-04,Widget A,South,805
2023-03-04,Widget B,North,1221
2023-03-04,Widget B,South,975
2023-03-05,Widget A,North,565
2023-03-05,Widget A,South,1169
2023-03-05,Widget B,North,892
2023-03-05,Widget B,South,981
2023-03-06,Widget A,North,1066
2023-03-06,Widget A,South,1038
2023-03-06,Widget B,North,1141
2023-03-06,Widget B,South,912
2023-03-07,Widget A,North,1102
2023-03-07,Widget A,South,948
2023-03-07,Widget B,North,1147
2023-03-07,Widget B,South,1123
2023-03-08,Widget A,North,812
2023-03-08,Widget A,South,1217
2023-03-08,Widget B,North,892
2023-03-08,Widget B,South,1161
2023-03-09,Widget A,North,1073
2023-03-09,Widget A,South,1367
2023-03-09,Widget B,North,955
2023-03-09,Widget B,South,930
2023-03-10,Widget A,North,996
2023-03-10,Widget A,South,939
2023-03-10,Widget B,North,1159
2023-03-10,Widget B,South,676
2023-03-11,Widget A,North,789
2023-03-11,Widget A,South,786
2023-03-11,Widget B,North,1190
2023-03-11,Widget B,South,1342
2023-03-12,Widget A,North,979
2023-03-12,Widget A,South,966
2023-03-12,Widget B,North,1014
2023-03-12,Widget B,South,1232
2023-03-13,Widget A,North,814
2023-03-13,Widget A,South,1047
2023-03-13,Widget B,North,1195
2023-03-13,Widget B,South,1100
2023-03-14,Widget A,North,1037
2023-03-14,Widget A,South,1200
2023-03-14,Widget B,North,459
2023-03-14,Widget B,South,1135
2023-03-15,Widget A,North,869
2023-03-15,Widget A,South,633
2023-03-15,Widget B,North,1102
2023-03-15,Widget B,South,1274
2023-03-16,Widget A,North,972
2023-03-16,Widget A,South,1190
2023-03-16,Widget B,North,1322
2023-03-16,Widget B,South,1262
2023-03-17,Widget A,North,1327
2023-03-17,Widget A,South,1148
2023-03-17,Widget B,North,1015
2023-03-17,Widget B,South,679
2023-03-18,Widget A,North,950
2023-03-18,Widget A,South,831
2023-03-18,Widget B,North,1434
2023-03-18,Widget B,South,964
2023-03-19,Widget A,North,1024
2023-03-19,Widget A,South,1110
2023-03-19,Widget B,North,1008
2023-03-19,Widget B,South,1339
2023-03-20,Widget A,North,875
2023-03-20,Widget A,South,1038
2023-03-20,Widget B,North,851
2023-03-20,Widget B,South,735
2023-03-21,Widget A,North,877
2023-03-21,Widget A,South,992
2023-03-21,Widget B,North,914
2023-03-21,Widget B,South,861
2023-03-22,Widget A,North,718
2023-03-22,Widget A,South,983
2023-03-22,Widget B,North,699
2023-03-22,Widget B,South,1152
2023-03-23,Widget A,North,1016
2023-03-23,Widget A,South,708
2023-03-23,Widget B,North,938
2023-03-23,Widget B,South,849
2023-03-24,Widget A,North,1063
2023-03-24,Widget A,South,1268
2023-03-24,Widget B,North,624
2023-03-24,Widget B,South,1023
2023-03-25,Widget A,North,967
2023-03-25,Widget A,South,1134
2023-03-25,Widget B,North,1042
2023-03-25,Widget B,South,849
2023-03-26,Widget A,North,936
2023-03-26,Widget A,South,840
2023-03-26,Widget B,North,1215
2023-03-26,Widget B,South,1004
2023-03-27,Widget A,North,1380
2023-03-27,Widget A,South,987
2023-03-27,Widget B,North,858
2023-03-27,Widget B,South,697
2023-03-28,Widget A,North,639
2023-03-28,Widget A,South,683
2023-03-28,Widget B,North,1053
2023-03-28,Widget B,South,1101
2023-03-29,Widget A,North,683
2023-03-29,Widget A,South,1179
2023-03-29,Widget B,North,903
2023-03-29,Widget B,South,1029
2023-03-30,Widget A,North,1322
2023-03-30,Widget A,South,1179
2023-03-30,Widget B,North,946
2023-03-30,Widget B,South,821
2023-03-31,Widget A,North,569
2023-03-31,Widget A,South,856
2023-03-31,Widget B,North,957
2023-03-31,Widget B,South,802
2023-04-01,Widget A,North,973
2023-04-01,Widget A,South,1015
2023-04-01,Widget B,North,955
2023-04-01,Widget B,South,869
2023-04-02,Widget A,North,1033
2023-04-02,Widget A,South,1088
2023-04-02,Widget B,North,781
2023-04-02,Widget B,South,1282
2023-04-03,Widget A,North,980
2023-04-03,Widget A,South,1003
2023-04-03,Widget B,North,1141
2023-04-03,Widget B,South,1046
2023-04-04,Widget A,North,1190
2023-04-04,Widget A,South,1057
2023-04-04,Widget B,North,877
2023-04-04,Widget B,South,1072
2023-04-05,Widget A,North,771
2023-04-05,Widget A,South,1021
2023-04-05,Widget B,North,993
2023-04-05,Widget B,South,958
2023-04-06,Widget A,North,974
2023-04-06,Widget A,South,623
2023-04-06,Widget B,North,890
2023-04-06,Widget B,South,1018
2023-04-07,Widget A,North,1031
2023-04-07,Widget A,South,794
2023-04-07,Widget B,North,1253
2023-04-07,Widget B,South,826
2023-04-08,Widget A,North,1193
2023-04-08,Widget A,South,1085
2023-04-08,Widget B,North,870
2023-04-08,Widget B,South,1355
2023-04-09,Widget A,North,761
2023-04-09,Widget A,South,1183
2023-04-09,Widget B,North,1200
2023-04-09,Widget B,South,865
2023-04-10,Widget A,North,1278
2023-04-10,Widget A,South,949
2023-04-10,Widget B,North,1057
2023-04-10,Widget B,South,1052
2023-04-11,Widget A,North,973
2023-04-11,Widget A,South,1162
2023-04-11,Widget B,North,1158
2023-04-11,Widget B,South,650
2023-04-12,Widget A,North,1260
2023-04-12,Widget A,South,667
2023-04-12,Widget B,North,1206
2023-04-12,Widget B,South,1225
2023-04-13,Widget A,North,781
2023-04-13,Widget A,South,917
2023-04-13,Widget B,North,778
2023-04-13,Widget B,South,957
2023-04-14,Widget A,North,938
2023-04-14,Widget A,South,1155
2023-04-14,Widget B,North,1262
2023-04-14,Widget B,South,1279
2023-04-15,Widget A,North,887
2023-04-15,Widget A,South,958
2023-04-15,Widget B,North,663
2023-04-15,Widget B,South,838
2023-04-16,Widget A,North,1192
2023-04-16,Widget A,South,1323
2023-04-16,Widget B,North,753
2023-04-16,Widget B,South,881
2023-04-17,Widget A,North,994
2023-04-17,Widget A,South,1056
2023-04-17,Widget B,North,838
2023-04-17,Widget B,South,1084
2023-04-18,Widget A,North,905
2023-04-18,Widget A,South,997
2023-04-18,Widget B,North,1109
2023-04-18,Widget B,South,1001
2023-04-19,Widget A,North,912
2023-04-19,Widget A,South,978
2023-04-19,Widget B,North,982
2023-04-19,Widget B,South,925
2023-04-20,Widget A,North,948
2023-04-20,Widget A,South,1319
2023-04-20,Widget B,North,1112
2023-04-20,Widget B,South,940
2023-04-21,Widget A,North,1139
2023-04-21,Widget A,South,933
2023-04-21,Widget B,North,1234
2023-04-21,Widget B,South,1073
2023-04-22,Widget A,North,978
2023-04-22,Widget A,South,1089
2023-04-22,Widget B,North,685
2023-04-22,Widget B,South,774
2023-04-23,Widget A,North,761
2023-04-23,Widget A,South,1028
2023-04-23,Widget B,North,1346
2023-04-23,Widget B,South,1446
2023-04-24,Widget A,North,1127
2023-04-24,Widget A,South,1100
2023-04-24,Widget B,North,639
2023-04-24,Widget B,South,891
2023-04-25,Widget A,North,842
2023-04-25,Widget A,South,875
2023-04-25,Widget B,North,966
2023-04-25,Widget B,South,905
2023-04-26,Widget A,North,604
2023-04-26,Widget A,South,1149
2023-04-26,Widget B,North,785
2023-04-26,Widget B,South,1047
2023-04-27,Widget A,North,1414
2023-04-27,Widget A,South,816
2023-04-27,Widget B,North,493
2023-04-27,Widget B,South,942
2023-04-28,Widget A,North,1220
2023-04-28,Widget A,South,1391
2023-04-28,Widget B,North,754
2023-04-28,Widget B,South,1099
2023-04-29,Widget A,North,906
2023-04-29,Widget A,South,978
2023-04-29,Widget B,North,1528
2023-04-29,Widget B,South,699
2023-04-30,Widget A,North,1050
2023-04-30,Widget A,South,1093
2023-04-30,Widget B,North,1217
2023-04-30,Widget B,South,1019
2023-05-01,Widget A,North,1061
2023-05-01,Widget A,South,921
2023-05-01,Widget B,North,1053
2023-05-01,Widget B,South,931
2023-05-02,Widget A,North,1124
2023-05-02,Widget A,South,926
2023-05-02,Widget B,North,1075
2023-05-02,Widget B,South,994
2023-05-03,Widget A,North,1225
2023-05-03,Widget A,South,989
2023-05-03,Widget B,North,645
2023-05-03,Widget B,South,1252
2023-05-04,Widget A,North,818
2023-05-04,Widget A,South,869
2023-05-04,Widget B,North,880
2023-05-04,Widget B,South,1274
2023-05-05,Widget A,North,572
2023-05-05,Widget A,South,1627
2023-05-05,Widget B,North,1211
2023-05-05,Widget B,South,1044
2023-05-06,Widget A,North,989
2023-05-06,Widget A,South,1057
2023-05-06,Widget B,North,1104
2023-05-06,Widget B,South,1129
2023-05-07,Widget A,North,1111
2023-05-07,Widget A,South,1017
2023-05-07,Widget B,North,960
2023-05-07,Widget B,South,969
2023-05-08,Widget A,North,961
2023-05-08,Widget A,South,1226
2023-05-08,Widget B,North,1118
2023-05-08,Widget B,South,411
2023-05-09,Widget A,North,1131
2023-05-09,Widget A,South,1038
2023-05-09,Widget B,North,996
2023-05-09,Widget B,South,922
2023-05-10,Widget A,North,1224
2023-05-10,Widget A,South,1189
2023-05-10,Widget B,North,845
2023-05-10,Widget B,South,1081
2023-05-11,Widget A,North,805
2023-05-11,Widget A,South,724
2023-05-11,Widget B,North,874
2023-05-11,Widget B,South,1172
2023-05-12,Widget A,North,1190
2023-05-12,Widget A,South,1102
2023-05-12,Widget B,North,1145
2023-05-12,Widget B,South,1103
2023-05-13,Widget A,North,871
2023-05-13,Widget A,South,1086
2023-05-13,Widget B,North,1160
2023-05-13,Widget B,South,1150
2023-05-14,Widget A,North,1237
2023-05-14,Widget A,South,1141
2023-05-14,Widget B,North,1070
2023-05-14,Widget B,South,1214
2023-05-15,Widget A,North,994
2023-05-15,Widget A,South,823
2023-05-15,Widget B,North,967
2023-05-15,Widget B,South,851
2023-05-16,Widget A,North,864
2023-05-16,Widget A,South,971
2023-05-16,Widget B,North,841
2023-05-16,Widget B,South,938
2023-05-17,Widget A,North,621
2023-05-17,Widget A,South,1042
2023-05-17,Widget B,North,1000
2023-05-17,Widget B,South,836
2023-05-18,Widget A,North,1131
2023-05-18,Widget A,South,1187
2023-05-18,Widget B,North,678
2023-05-18,Widget B,South,847
2023-05-19,Widget A,North,846
2023-05-19,Widget A,South,812
2023-05-19,Widget B,North,1165
2023-05-19,Widget B,South,961
2023-05-20,Widget A,North,947
2023-05-20,Widget A,South,599
2023-05-20,Widget B,North,1127
2023-05-20,Widget B,South,752
2023-05-21,Widget A,North,1011
2023-05-21,Widget A,South,1055
2023-05-21,Widget B,North,1272
2023-05-21,Widget B,South,738
2023-05-22,Widget A,North,396
2023-05-22,Widget A,South,1036
2023-05-22,Widget B,North,1360
2023-05-22,Widget B,South,1247
2023-05-23,Widget A,North,1041
2023-05-23,Widget A,South,901
2023-05-23,Widget B,North,1161
2023-05-23,Widget B,South,805
2023-05-24,Widget A,North,1095
2023-05-24,Widget A,South,1101
2023-05-24,Widget B,North,1212
2023-05-24,Widget B,South,1551
2023-05-25,Widget A,North,1078
2023-05-25,Widget A,South,898
2023-05-25,Widget B,North,994
2023-05-25,Widget B,South,646
2023-05-26,Widget A,North,861
2023-05-26,Widget A,South,918
2023-05-26,Widget B,North,895
2023-05-26,Widget B,South,1030
2023-05-27,Widget A,North,835
2023-05-27,Widget A,South,1224
2023-05-27,Widget B,North,1000
2023-05-27,Widget B,South,998
2023-05-28,Widget A,North,934
2023-05-28,Widget A,South,1031
2023-05-28,Widget B,North,1165
2023-05-28,Widget B,South,826
2023-05-29,Widget A,North,868
2023-05-29,Widget A,South,939
2023-05-29,Widget B,North,730
2023-05-29,Widget B,South,836
2023-05-30,Widget A,North,904
2023-05-30,Widget A,South,1174
2023-05-30,Widget B,North,1052
2023-05-30,Widget B,South,1038
2023-05-31,Widget A,North,1170
2023-05-31,Widget A,South,972
2023-05-31,Widget B,North,1078
2023-05-31,Widget B,South,979
2023-06-01,Widget A,North,1053
2023-06-01,Widget A,South,883
2023-06-01,Widget B,North,512
2023-06-01,Widget B,South,973
2023-06-02,Widget A,North,1284
2023-06-02,Widget A,South,1185
2023-06-02,Widget B,North,1193
2023-06-02,Widget B,South,1247
2023-06-03,Widget A,North,1017
2023-06-03,Widget A,South,1039
2023-06-03,Widget B,North,876
2023-06-03,Widget B,South,936
2023-06-04,Widget A,North,1123
2023-06-04,Widget A,South,1240
2023-06-04,Widget B,North,972
2023-06-04,Widget B,South,909
2023-06-05,Widget A,North,1000
2023-06-05,Widget A,South,1120
2023-06-05,Widget B,North,711
2023-06-05,Widget B,South,540
2023-06-06,Widget A,North,889
2023-06-06,Widget A,South,755
2023-06-06,Widget B,North,898
2023-06-06,Widget B,South,970
2023-06-07,Widget A,North,909
2023-06-07,Widget A,South,1290
2023-06-07,Widget B,North,1065
2023-06-07,Widget B,South,1060
2023-06-08,Widget A,North,1124
2023-06-08,Widget A,South,772
2023-06-08,Widget B,North,1207
2023-06-08,Widget B,South,984
2023-06-09,Widget A,North,1134
2023-06-09,Widget A,South,785
2023-06-09,Widget B,North,689
2023-06-09,Widget B,South,1163
2023-06-10,Widget A,North,1075
2023-06-10,Widget A,South,819
2023-06-10,Widget B,North,826
2023-06-10,Widget B,South,1225
2023-06-11,Widget A,North,762
2023-06-11,Widget A,South,1328
2023-06-11,Widget B,North,819
2023-06-11,Widget B,South,1127
2023-06-12,Widget A,North,934
2023-06-12,Widget A,South,1120
2023-06-12,Widget B,North,891
2023-06-12,Widget B,South,967
2023-06-13,Widget A,North,1008
2023-06-13,Widget A,South,799
2023-06-13,Widget B,North,1148
2023-06-13,Widget B,South,897
2023-06-14,Widget A,North,954
2023-06-14,Widget A,South,801
2023-06-14,Widget B,North,487
2023-06-14,Widget B,South,961
2023-06-15,Widget A,North,1482
2023-06-15,Widget A,South,1156
2023-06-15,Widget B,North,996
2023-06-15,Widget B,South,947
2023-06-16,Widget A,North,1004
2023-06-16,Widget A,South,1109
2023-06-16,Widget B,North,763
2023-06-16,Widget B,South,1222
2023-06-17,Widget A,North,1143
2023-06-17,Widget A,South,1143
2023-06-17,Widget B,North,1087
2023-06-17,Widget B,South,1003
2023-06-18,Widget A,North,1134
2023-06-18,Widget A,South,1118
2023-06-18,Widget B,North,929
2023-06-18,Widget B,South,885
2023-06-19,Widget A,North,1020
2023-06-19,Widget A,South,1309
2023-06-19,Widget B,North,752
2023-06-19,Widget B,South,706
2023-06-20,Widget A,North,1032
2023-06-20,Widget A,South,1010
2023-06-20,Widget B,North,1034
2023-06-20,Widget B,South,1048
2023-06-21,Widget A,North,955
2023-06-21,Widget A,South,1297
2023-06-21,Widget B,North,679
2023-06-21,Widget B,South,834
2023-06-22,Widget A,North,979
2023-06-22,Widget A,South,671
2023-06-22,Widget B,North,964
2023-06-22,Widget B,South,1332
2023-06-23,Widget A,North,1004
2023-06-23,Widget A,South,1046
2023-06-23,Widget B,North,747
2023-06-23,Widget B,South,876
2023-06-24,Widget A,North,924
2023-06-24,Widget A,South,936
2023-06-24,Widget B,North,1256
2023-06-24,Widget B,South,1111
2023-06-25,Widget A,North,777
2023-06-25,Widget A,South,1049
2023-06-25,Widget B,North,1099
2023-06-25,Widget B,South,1228
2023-06-26,Widget A,North,1316
2023-06-26,Widget A,South,796
2023-06-26,Widget B,North,837
2023-06-26,Widget B,South,748
2023-06-27,Widget A,North,953
2023-06-27,Widget A,South,1093
2023-06-27,Widget B,North,1197
2023-06-27,Widget B,South,984
2023-06-28,Widget A,North,936
2023-06-28,Widget A,South,1030
2023-06-28,Widget B,North,832
2023-06-28,Widget B,South,1417
2023-06-29,Widget A,North,678
2023-06-29,Widget A,South,1036
2023-06-29,Widget B,North,1404
2023-06-29,Widget B,South,1001
2023-06-30,Widget A,North,961
2023-06-30,Widget A,South,928
2023-06-30,Widget B,North,963
2023-06-30,Widget B,South,1274
2023-07-01,Widget A,North,557
2023-07-01,Widget A,South,1306
2023-07-01,Widget B,North,715
2023-07-01,Widget B,South,946
2023-07-02,Widget A,North,914
2023-07-02,Widget A,South,1117
2023-07-02,Widget B,North,680
2023-07-02,Widget B,South,1092
2023-07-03,Widget A,North,1404
2023-07-03,Widget A,South,727
2023-07-03,Widget B,North,1037
2023-07-03,Widget B,South,867
2023-07-04,Widget A,North,1085
2023-07-04,Widget A,South,1003
2023-07-04,Widget B,North,871
2023-07-04,Widget B,South,1097
2023-07-05,Widget A,North,1360
2023-07-05,Widget A,South,961
2023-07-05,Widget B,North,1143
2023-07-05,Widget B,South,741
2023-07-06,Widget A,North,808
2023-07-06,Widget A,South,1094
2023-07-06,Widget B,North,1296
2023-07-06,Widget B,South,1071
2023-07-07,Widget A,North,937
2023-07-07,Widget A,South,999
2023-07-07,Widget B,North,749
2023-07-07,Widget B,South,1120
2023-07-08,Widget A,North,1176
2023-07-08,Widget A,South,909
2023-07-08,Widget B,North,905
2023-07-08,Widget B,South,1053
2023-07-09,Widget A,North,912
2023-07-09,Widget A,South,986
2023-07-09,Widget B,North,1419
2023-07-09,Widget B,South,950
2023-07-10,Widget A,North,928
2023-07-10,Widget A,South,870
2023-07-10,Widget B,North,1148
2023-07-10,Widget B,South,963
2023-07-11,Widget A,North,870
2023-07-11,Widget A,South,1264
2023-07-11,Widget B,North,1283
2023-07-11,Widget B,South,879
2023-07-12,Widget A,North,626
2023-07-12,Widget A,South,1201
2023-07-12,Widget B,North,863
2023-07-12,Widget B,South,1158
2023-07-13,Widget A,North,605
2023-07-13,Widget A,South,1178
2023-07-13,Widget B,North,757
2023-07-13,Widget B,South,1146
2023-07-14,Widget A,North,1002
2023-07-14,Widget A,South,809
2023-07-14,Widget B,North,918
2023-07-14,Widget B,South,1137
2023-07-15,Widget A,North,1021
2023-07-15,Widget A,South,1116
2023-07-15,Widget B,North,1395
2023-07-15,Widget B,South,687
2023-07-16,Widget A,North,1323
2023-07-16,Widget A,South,1020
2023-07-16,Widget B,North,820
2023-07-16,Widget B,South,733
2023-07-17,Widget A,North,962
2023-07-17,Widget A,South,1184
2023-07-17,Widget B,North,974
2023-07-17,Widget B,South,1302
2023-07-18,Widget A,North,709
2023-07-18,Widget A,South,997
2023-07-18,Widget B,North,749
2023-07-18,Widget B,South,1072
2023-07-19,Widget A,North,1177
2023-07-19,Widget A,South,915
2023-07-19,Widget B,North,479
2023-07-19,Widget B,South,1039
2023-07-20,Widget A,North,1087
2023-07-20,Widget A,South,1080
2023-07-20,Widget B,North,1247
2023-07-20,Widget B,South,785
2023-07-21,Widget A,North,1136
2023-07-21,Widget A,South,1238
2023-07-21,Widget B,North,644
2023-07-21,Widget B,South,1063
2023-07-22,Widget A,North,899
2023-07-22,Widget A,South,983
2023-07-22,Widget B,North,1069
2023-07-22,Widget B,South,902
2023-07-23,Widget A,North,864
2023-07-23,Widget A,South,1006
2023-07-23,Widget B,North,782
2023-07-23,Widget B,South,782
2023-07-24,Widget A,North,1135
2023-07-24,Widget A,South,770
2023-07-24,Widget B,North,1133
2023-07-24,Widget B,South,1092
2023-07-25,Widget A,North,654
2023-07-25,Widget A,South,864
2023-07-25,Widget B,North,1238
2023-07-25,Widget B,South,803
2023-07-26,Widget A,North,907
2023-07-26,Widget A,South,1092
2023-07-26,Widget B,North,1156
2023-07-26,Widget B,South,949
2023-07-27,Widget A,North,880
2023-07-27,Widget A,South,1284
2023-07-27,Widget B,North,1347
2023-07-27,Widget B,South,1195
2023-07-28,Widget A,North,1017
2023-07-28,Widget A,South,838
2023-07-28,Widget B,North,833
2023-07-28,Widget B,South,1104
2023-07-29,Widget A,North,1083
2023-07-29,Widget A,South,1280
2023-07-29,Widget B,North,1130
2023-07-29,Widget B,South,699
2023-07-30,Widget A,North,1210
2023-07-30,Widget A,South,800
2023-07-30,Widget B,North,923
2023-07-30,Widget B,South,1050
2023-07-31,Widget A,North,1399
2023-07-31,Widget A,South,1621
2023-07-31,Widget B,North,1121
2023-07-31,Widget B,South,963
2023-08-01,Widget A,North,1106
2023-08-01,Widget A,South,1177
2023-08-01,Widget B,North,935
2023-08-01,Widget B,South,1359
2023-08-02,Widget A,North,1046
2023-08-02,Widget A,South,1099
2023-08-02,Widget B,North,1133
2023-08-02,Widget B,South,1084
2023-08-03,Widget A,North,1167
2023-08-03,Widget A,South,876
2023-08-03,Widget B,North,888
2023-08-03,Widget B,South,779
2023-08-04,Widget A,North,1087
2023-08-04,Widget A,South,1155
2023-08-04,Widget B,North,1091
2023-08-04,Widget B,South,1334
2023-08-05,Widget A,North,998
2023-08-05,Widget A,South,1133
2023-08-05,Widget B,North,781
2023-08-05,Widget B,South,922
2023-08-06,Widget A,North,1139
2023-08-06,Widget A,South,1169
2023-08-06,Widget B,North,941
2023-08-06,Widget B,South,985
2023-08-07,Widget A,North,696
2023-08-07,Widget A,South,928
2023-08-07,Widget B,North,1178
2023-08-07,Widget B,South,1115
2023-08-08,Widget A,North,1100
2023-08-08,Widget A,South,1009
2023-08-08,Widget B,North,1001
2023-08-08,Widget B,South,867
2023-08-09,Widget A,North,1139
2023-08-09,Widget A,South,1084
2023-08-09,Widget B,North,1098
2023-08-09,Widget B,South,894
2023-08-10,Widget A,North,569
2023-08-10,Widget A,South,1219
2023-08-10,Widget B,North,904
2023-08-10,Widget B,South,827
2023-08-11,Widget A,North,1138
2023-08-11,Widget A,South,921
2023-08-11,Widget B,North,1211
2023-08-11,Widget B,South,1123
2023-08-12,Widget A,North,1136
2023-08-12,Widget A,South,726
2023-08-12,Widget B,North,1242
2023-08-12,Widget B,South,1052
2023-08-13,Widget A,North,926
2023-08-13,Widget A,South,1028
2023-08-13,Widget B,North,644
2023-08-13,Widget B,South,1081
2023-08-14,Widget A,North,794
2023-08-14,Widget A,South,729
2023-08-14,Widget B,North,695
2023-08-14,Widget B,South,1222
2023-08-15,Widget A,North,874
2023-08-15,Widget A,South,1306
2023-08-15,Widget B,North,892
2023-08-15,Widget B,South,658
2023-08-16,Widget A,North,776
2023-08-16,Widget A,South,1247
2023-08-16,Widget B,North,968
2023-08-16,Widget B,South,890
2023-08-17,Widget A,North,1032
2023-08-17,Widget A,South,1100
2023-08-17,Widget B,North,1223
2023-08-17,Widget B,South,1289
2023-08-18,Widget A,North,928
2023-08-18,Widget A,South,734
2023-08-18,Widget B,North,917
2023-08-18,Widget B,South,1052
2023-08-19,Widget A,North,807
2023-08-19,Widget A,South,808
2023-08-19,Widget B,North,1068
2023-08-19,Widget B,South,990
2023-08-20,Widget A,North,1006
2023-08-20,Widget A,South,848
2023-08-20,Widget B,North,953
2023-08-20,Widget B,South,815
2023-08-21,Widget A,North,1178
2023-08-21,Widget A,South,1207
2023-08-21,Widget B,North,630
2023-08-21,Widget B,South,814
2023-08-22,Widget A,North,700
2023-08-22,Widget A,South,869
2023-08-22,Widget B,North,983
2023-08-22,Widget B,South,710
2023-08-23,Widget A,North,815
2023-08-23,Widget A,South,799
2023-08-23,Widget B,North,1041
2023-08-23,Widget B,South,1013
2023-08-24,Widget A,North,855
2023-08-24,Widget A,South,1035
2023-08-24,Widget B,North,890
2023-08-24,Widget B,South,945
2023-08-25,Widget A,North,1334
2023-08-25,Widget A,South,1268
2023-08-25,Widget B,North,740
2023-08-25,Widget B,South,1165
2023-08-26,Widget A,North,1162
2023-08-26,Widget A,South,770
2023-08-26,Widget B,North,1163
2023-08-26,Widget B,South,1307
2023-08-27,Widget A,North,775
2023-08-27,Widget A,South,816
2023-08-27,Widget B,North,1203
2023-08-27,Widget B,South,1054
2023-08-28,Widget A,North,1110
2023-08-28,Widget A,South,1068
2023-08-28,Widget B,North,1078
2023-08-28,Widget B,South,734
2023-08-29,Widget A,North,1209
2023-08-29,Widget A,South,1233
2023-08-29,Widget B,North,954
2023-08-29,Widget B,South,991
2023-08-30,Widget A,North,693
2023-08-30,Widget A,South,1102
2023-08-30,Widget B,North,1114
2023-08-30,Widget B,South,987
2023-08-31,Widget A,North,1224
2023-08-31,Widget A,South,933
2023-08-31,Widget B,North,1112
2023-08-31,Widget B,South,796
2023-09-01,Widget A,North,995
2023-09-01,Widget A,South,965
2023-09-01,Widget B,North,1045
2023-09-01,Widget B,South,926
2023-09-02,Widget A,North,973
2023-09-02,Widget A,South,1165
2023-09-02,Widget B,North,912
2023-09-02,Widget B,South,678
2023-09-03,Widget A,North,1349
2023-09-03,Widget A,South,1276
2023-09-03,Widget B,North,741
2023-09-03,Widget B,South,1137
2023-09-04,Widget A,North,899
2023-09-04,Widget A,South,1052
2023-09-04,Widget B,North,1058
2023-09-04,Widget B,South,953
2023-09-05,Widget A,North,843
2023-09-05,Widget A,South,861
2023-09-05,Widget B,North,816
2023-09-05,Widget B,South,833
2023-09-06,Widget A,North,986
2023-09-06,Widget A,South,856
2023-09-06,Widget B,North,1136
2023-09-06,Widget B,South,1297
2023-09-07,Widget A,North,883
2023-09-07,Widget A,South,1047
2023-09-07,Widget B,North,1099
2023-09-07,Widget B,South,1094
2023-09-08,Widget A,North,1015
2023-09-08,Widget A,South,1148
2023-09-08,Widget B,North,1096
2023-09-08,Widget B,South,752
2023-09-09,Widget A,North,1173
2023-09-09,Widget A,South,1177
2023-09-09,Widget B,North,847
2023-09-09,Widget B,South,1007
2023-09-10,Widget A,North,1136
2023-09-10,Widget A,South,958
2023-09-10,Widget B,North,1214
2023-09-10,Widget B,South,1472
2023-09-11,Widget A,North,842
2023-09-11,Widget A,South,723
2023-09-11,Widget B,North,1060
2023-09-11,Widget B,South,1144
2023-09-12,Widget A,North,953
2023-09-12,Widget A,South,1290
2023-09-12,Widget B,North,732
2023-09-12,Widget B,South,1138
2023-09-13,Widget A,North,878
2023-09-13,Widget A,South,1343
2023-09-13,Widget B,North,1398
2023-09-13,Widget B,South,846
2023-09-14,Widget A,North,890
2023-09-14,Widget A,South,1171
2023-09-14,Widget B,North,922
2023-09-14,Widget B,South,990
2023-09-15,Widget A,North,1005
2023-09-15,Widget A,South,616
2023-09-15,Widget B,North,997
2023-09-15,Widget B,South,862
2023-09-16,Widget A,North,901
2023-09-16,Widget A,South,1288
2023-09-16,Widget B,North,748
2023-09-16,Widget B,South,1162
2023-09-17,Widget A,North,944
2023-09-17,Widget A,South,944
2023-09-17,Widget B,North,1158
2023-09-17,Widget B,South,1068
2023-09-18,Widget A,North,1114
2023-09-18,Widget A,South,1193
2023-09-18,Widget B,North,933
2023-09-18,Widget B,South,877
2023-09-19,Widget A,North,782
2023-09-19,Widget A,South,834
2023-09-19,Widget B,North,1589
2023-09-19,Widget B,South,1248
2023-09-20,Widget A,North,729
2023-09-20,Widget A,South,735
2023-09-20,Widget B,North,1096
2023-09-20,Widget B,South,1109
2023-09-21,Widget A,North,1109
2023-09-21,Widget A,South,949
2023-09-21,Widget B,North,974
2023-09-21,Widget B,South,1065
2023-09-22,Widget A,North,1017
2023-09-22,Widget A,South,556
2023-09-22,Widget B,North,954
2023-09-22,Widget B,South,829
2023-09-23,Widget A,North,1035
2023-09-23,Widget A,South,1597
2023-09-23,Widget B,North,1073
2023-09-23,Widget B,South,937
2023-09-24,Widget A,North,1184
2023-09-24,Widget A,South,1096
2023-09-24,Widget B,North,1084
2023-09-24,Widget B,South,1121
2023-09-25,Widget A,North,1411
2023-09-25,Widget A,South,773
2023-09-25,Widget B,North,1094
2023-09-25,Widget B,South,814
2023-09-26,Widget A,North,1111
2023-09-26,Widget A,South,816
2023-09-26,Widget B,North,916
2023-09-26,Widget B,South,940
2023-09-27,Widget A,North,1195
2023-09-27,Widget A,South,1183
2023-09-27,Widget B,North,750
2023-09-27,Widget B,South,1010
2023-09-28,Widget A,North,858
2023-09-28,Widget A,South,748
2023-09-28,Widget B,North,956
2023-09-28,Widget B,South,938
2023-09-29,Widget A,North,1485
2023-09-29,Widget A,South,1086
2023-09-29,Widget B,North,724
2023-09-29,Widget B,South,887
2023-09-30,Widget A,North,1204
2023-09-30,Widget A,South,1417
2023-09-30,Widget B,North,682
2023-09-30,Widget B,South,624
2023-10-01,Widget A,North,1374
2023-10-01,Widget A,South,1077
2023-10-01,Widget B,North,826
2023-10-01,Widget B,South,1106
2023-10-02,Widget A,North,472
2023-10-02,Widget A,South,1000
2023-10-02,Widget B,North,1065
2023-10-02,Widget B,South,1184
2023-10-03,Widget A,North,797
2023-10-03,Widget A,South,1017
2023-10-03,Widget B,North,814
2023-10-03,Widget B,South,1051
2023-10-04,Widget A,North,820
2023-10-04,Widget A,South,918
2023-10-04,Widget B,North,800
2023-10-04,Widget B,South,1130
2023-10-05,Widget A,North,1171
2023-10-05,Widget A,South,953
2023-10-05,Widget B,North,1007
2023-10-05,Widget B,South,710
2023-10-06,Widget A,North,940
2023-10-06,Widget A,South,989
2023-10-06,Widget B,North,1524
2023-10-06,Widget B,South,777
2023-10-07,Widget A,North,1292
2023-10-07,Widget A,South,1199
2023-10-07,Widget B,North,1056
2023-10-07,Widget B,South,1351
2023-10-08,Widget A,North,1074
2023-10-08,Widget A,South,1077
2023-10-08,Widget B,North,989
2023-10-08,Widget B,South,1244
2023-10-09,Widget A,North,1219
2023-10-09,Widget A,South,874
2023-10-09,Widget B,North,736
2023-10-09,Widget B,South,959
2023-10-10,Widget A,North,839
2023-10-10,Widget A,South,987
2023-10-10,Widget B,North,1247
2023-10-10,Widget B,South,908
2023-10-11,Widget A,North,991
2023-10-11,Widget A,South,1011
2023-10-11,Widget B,North,1169
2023-10-11,Widget B,South,550
2023-10-12,Widget A,North,878
2023-10-12,Widget A,South,1042
2023-10-12,Widget B,North,1240
2023-10-12,Widget B,South,901
2023-10-13,Widget A,North,624
2023-10-13,Widget A,South,1123
2023-10-13,Widget B,North,872
2023-10-13,Widget B,South,762
2023-10-14,Widget A,North,875
2023-10-14,Widget A,South,963
2023-10-14,Widget B,North,879
2023-10-14,Widget B,South,558
2023-10-15,Widget A,North,1179
2023-10-15,Widget A,South,1254
2023-10-15,Widget B,North,1130
2023-10-15,Widget B,South,772
2023-10-16,Widget A,North,959
2023-10-16,Widget A,South,998
2023-10-16,Widget B,North,1119
2023-10-16,Widget B,South,1133
2023-10-17,Widget A,North,853
2023-10-17,Widget A,South,1016
2023-10-17,Widget B,North,1091
2023-10-17,Widget B,South,1291
2023-10-18,Widget A,North,1140
2023-10-18,Widget A,South,1157
2023-10-18,Widget B,North,1016
2023-10-18,Widget B,South,1282
2023-10-19,Widget A,North,1081
2023-10-19,Widget A,South,827
2023-10-19,Widget B,North,1280
2023-10-19,Widget B,South,1139
2023-10-20,Widget A,North,911
2023-10-20,Widget A,South,904
2023-10-20,Widget B,North,1059
2023-10-20,Widget B,South,1092
2023-10-21,Widget A,North,1039
2023-10-21,Widget A,South,1062
2023-10-21,Widget B,North,1339
2023-10-21,Widget B,South,1214
2023-10-22,Widget A,North,1038
2023-10-22,Widget A,South,1188
2023-10-22,Widget B,North,793
2023-10-22,Widget B,South,1079
2023-10-23,Widget A,North,1361
2023-10-23,Widget A,South,956
2023-10-23,Widget B,North,830
2023-10-23,Widget B,South,869
2023-10-24,Widget A,North,782
2023-10-24,Widget A,South,843
2023-10-24,Widget B,North,925
2023-10-24,Widget B,South,718
2023-10-25,Widget A,North,1003
2023-10-25,Widget A,South,1180
2023-10-25,Widget B,North,818
2023-10-25,Widget B,South,1303
2023-10-26,Widget A,North,1102
2023-10-26,Widget A,South,1206
2023-10-26,Widget B,North,868
2023-10-26,Widget B,South,1170
2023-10-27,Widget A,North,781
2023-10-27,Widget A,South,1178
2023-10-27,Widget B,North,1034
2023-10-27,Widget B,South,1110
2023-10-28,Widget A,North,764
2023-10-28,Widget A,South,820
2023-10-28,Widget B,North,1119
2023-10-28,Widget B,South,810
2023-10-29,Widget A,North,1092
2023-10-29,Widget A,South,726
2023-10-29,Widget B,North,1169
2023-10-29,Widget B,South,753
2023-10-30,Widget A,North,1110
2023-10-30,Widget A,South,1125
2023-10-30,Widget B,North,860
2023-10-30,Widget B,South,1116
2023-10-31,Widget A,North,1052
2023-10-31,Widget A,South,892
2023-10-31,Widget B,North,798
2023-10-31,Widget B,South,607
2023-11-01,Widget A,North,1069
2023-11-01,Widget A,South,687
2023-11-01,Widget B,North,1019
2023-11-01,Widget B,South,947
2023-11-02,Widget A,North,1135
2023-11-02,Widget A,South,939
2023-11-02,Widget B,North,934
2023-11-02,Widget B,South,1146
2023-11-03,Widget A,North,1067
2023-11-03,Widget A,South,1063
2023-11-03,Widget B,North,1093
2023-11-03,Widget B,South,692
2023-11-04,Widget A,North,1151
2023-11-04,Widget A,South,1122
2023-11-04,Widget B,North,796
2023-11-04,Widget B,South,951
2023-11-05,Widget A,North,992
2023-11-05,Widget A,South,973
2023-11-05,Widget B,North,1066
2023-11-05,Widget B,South,1286
2023-11-06,Widget A,North,1216
2023-11-06,Widget A,South,737
2023-11-06,Widget B,North,1124
2023-11-06,Widget B,South,1265
2023-11-07,Widget A,North,1077
2023-11-07,Widget A,South,1218
2023-11-07,Widget B,North,1402
2023-11-07,Widget B,South,1204
2023-11-08,Widget A,North,1049
2023-11-08,Widget A,South,1209
2023-11-08,Widget B,North,1028
2023-11-08,Widget B,South,1004
2023-11-09,Widget A,North,929
2023-11-09,Widget A,South,1312
2023-11-09,Widget B,North,836
2023-11-09,Widget B,South,1306
2023-11-10,Widget A,North,1099
2023-11-10,Widget A,South,720
2023-11-10,Widget B,North,1073
2023-11-10,Widget B,South,579
2023-11-11,Widget A,North,1125
2023-11-11,Widget A,South,1177
2023-11-11,Widget B,North,881
2023-11-11,Widget B,South,1024
2023-11-12,Widget A,North,1390
2023-11-12,Widget A,South,898
2023-11-12,Widget B,North,788
2023-11-12,Widget B,South,1296
2023-11-13,Widget A,North,1392
2023-11-13,Widget A,South,1000
2023-11-13,Widget B,North,1202
2023-11-13,Widget B,South,1268
2023-11-14,Widget A,North,851
2023-11-14,Widget A,South,902
2023-11-14,Widget B,North,1246
2023-11-14,Widget B,South,1337
2023-11-15,Widget A,North,1112
2023-11-15,Widget A,South,824
2023-11-15,Widget B,North,1397
2023-11-15,Widget B,South,893
2023-11-16,Widget A,North,932
2023-11-16,Widget A,South,1068
2023-11-16,Widget B,North,1310
2023-11-16,Widget B,South,1170
2023-11-17,Widget A,North,1082
2023-11-17,Widget A,South,1092
2023-11-17,Widget B,North,1008
2023-11-17,Widget B,South,1111
2023-11-18,Widget A,North,494
2023-11-18,Widget A,South,940
2023-11-18,Widget B,North,1048
2023-11-18,Widget B,South,769
2023-11-19,Widget A,North,1077
2023-11-19,Widget A,South,959
2023-11-19,Widget B,North,1351
2023-11-19,Widget B,South,1314
2023-11-20,Widget A,North,906
2023-11-20,Widget A,South,969
2023-11-20,Widget B,North,985
2023-11-20,Widget B,South,909
2023-11-21,Widget A,North,1039
2023-11-21,Widget A,South,848
2023-11-21,Widget B,North,773
2023-11-21,Widget B,South,1124
2023-11-22,Widget A,North,1125
2023-11-22,Widget A,South,839
2023-11-22,Widget B,North,1179
2023-11-22,Widget B,South,873
2023-11-23,Widget A,North,1050
2023-11-23,Widget A,South,1164
2023-11-23,Widget B,North,993
2023-11-23,Widget B,South,1090
2023-11-24,Widget A,North,896
2023-11-24,Widget A,South,960
2023-11-24,Widget B,North,958
2023-11-24,Widget B,South,850
2023-11-25,Widget A,North,964
2023-11-25,Widget A,South,690
2023-11-25,Widget B,North,901
2023-11-25,Widget B,South,943
2023-11-26,Widget A,North,948
2023-11-26,Widget A,South,951
2023-11-26,Widget B,North,987
2023-11-26,Widget B,South,1095
2023-11-27,Widget A,North,1174
2023-11-27,Widget A,South,870
2023-11-27,Widget B,North,759
2023-11-27,Widget B,South,791
2023-11-28,Widget A,North,902
2023-11-28,Widget A,South,929
2023-11-28,Widget B,North,846
2023-11-28,Widget B,South,740
2023-11-29,Widget A,North,908
2023-11-29,Widget A,South,1036
2023-11-29,Widget B,North,1119
2023-11-29,Widget B,South,888
2023-11-30,Widget A,North,917
2023-11-30,Widget A,South,814
2023-11-30,Widget B,North,993
2023-11-30,Widget B,South,830
2023-12-01,Widget A,North,1114
2023-12-01,Widget A,South,642
2023-12-01,Widget B,North,928
2023-12-01,Widget B,South,1060
2023-12-02,Widget A,North,1036
2023-12-02,Widget A,South,1538
2023-12-02,Widget B,North,1069
2023-12-02,Widget B,South,799
2023-12-03,Widget A,North,980
2023-12-03,Widget A,South,644
2023-12-03,Widget B,North,983
2023-12-03,Widget B,South,833
2023-12-04,Widget A,North,1183
2023-12-04,Widget A,South,890
2023-12-04,Widget B,North,976
2023-12-04,Widget B,South,872
2023-12-05,Widget A,North,1347
2023-12-05,Widget A,South,935
2023-12-05,Widget B,North,1366
2023-12-05,Widget B,South,1162
2023-12-06,Widget A,North,1096
2023-12-06,Widget A,South,1073
2023-12-06,Widget B,North,1078
2023-12-06,Widget B,South,614
2023-12-07,Widget A,North,944
2023-12-07,Widget A,South,1169
2023-12-07,Widget B,North,990
2023-12-07,Widget B,South,718
2023-12-08,Widget A,North,989
2023-12-08,Widget A,South,1340
2023-12-08,Widget B,North,1249
2023-12-08,Widget B,South,987
2023-12-09,Widget A,North,1190
2023-12-09,Widget A,South,926
2023-12-09,Widget B,North,659
2023-12-09,Widget B,South,815
2023-12-10,Widget A,North,1312
2023-12-10,Widget A,South,945
2023-12-10,Widget B,North,951
2023-12-10,Widget B,South,940
2023-12-11,Widget A,North,1380
2023-12-11,Widget A,South,1325
2023-12-11,Widget B,North,1443
2023-12-11,Widget B,South,968
2023-12-12,Widget A,North,1059
2023-12-12,Widget A,South,696
2023-12-12,Widget B,North,1295
2023-12-12,Widget B,South,766
2023-12-13,Widget A,North,1043
2023-12-13,Widget A,South,780
2023-12-13,Widget B,North,882
2023-12-13,Widget B,South,832
2023-12-14,Widget A,North,878
2023-12-14,Widget A,South,892
2023-12-14,Widget B,North,890
2023-12-14,Widget B,South,1166
2023-12-15,Widget A,North,779
2023-12-15,Widget A,South,1044
2023-12-15,Widget B,North,1243
2023-12-15,Widget B,South,897
2023-12-16,Widget A,North,856
2023-12-16,Widget A,South,953
2023-12-16,Widget B,North,1235
2023-12-16,Widget B,South,1038
2023-12-17,Widget A,North,893
2023-12-17,Widget A,South,1096
2023-12-17,Widget B,North,779
2023-12-17,Widget B,South,1136
2023-12-18,Widget A,North,1081
2023-12-18,Widget A,South,938
2023-12-18,Widget B,North,832
2023-12-18,Widget B,South,822
2023-12-19,Widget A,North,1106
2023-12-19,Widget A,South,1245
2023-12-19,Widget B,North,872
2023-12-19,Widget B,South,1091
2023-12-20,Widget A,North,582
2023-12-20,Widget A,South,883
2023-12-20,Widget B,North,993
2023-12-20,Widget B,South,818
2023-12-21,Widget A,North,812
2023-12-21,Widget A,South,866
2023-12-21,Widget B,North,1058
2023-12-21,Widget B,South,962
2023-12-22,Widget A,North,552
2023-12-22,Widget A,South,575
2023-12-22,Widget B,North,878
2023-12-22,Widget B,South,1091
2023-12-23,Widget A,North,450
2023-12-23,Widget A,South,900
2023-12-23,Widget B,North,894
2023-12-23,Widget B,South,1277
2023-12-24,Widget A,North,922
2023-12-24,Widget A,South,1076
2023-12-24,Widget B,North,1028
2023-12-24,Widget B,South,573
2023-12-25,Widget A,North,1153
2023-12-25,Widget A,South,1043
2023-12-25,Widget B,North,1101
2023-12-25,Widget B,South,1785
2023-12-26,Widget A,North,583
2023-12-26,Widget A,South,1344
2023-12-26,Widget B,North,942
2023-12-26,Widget B,South,1057
2023-12-27,Widget A,North,990
2023-12-27,Widget A,South,915
2023-12-27,Widget B,North,886
2023-12-27,Widget B,South,1065
2023-12-28,Widget A,North,696
2023-12-28,Widget A,South,1150
2023-12-28,Widget B,North,916
2023-12-28,Widget B,South,773
2023-12-29,Widget A,North,909
2023-12-29,Widget A,South,1251
2023-12-29,Widget B,North,892
2023-12-29,Widget B,South,1071
2023-12-30,Widget A,North,853
2023-12-30,Widget A,South,1151
2023-12-30,Widget B,North,1137
2023-12-30,Widget B,South,1369
2023-12-31,Widget A,North,964
2023-12-31,Widget A,South,1133
2023-12-31,Widget B,North,1019
2023-12-31,Widget B,South,1259
